ordering,keywords,collection_id,source_table_id,variable_id,indicator_id,preset,year,indicator_path,Tema,indicator_label,Subtema,variant_label,variant_path,_measure_unit_prev,measure_unit,is_default_variable,description,metodology
1,,ibge_malha_br_setor_censitario_2010,cem_censo_2010_abs,cod_uf,,cem_censo_2010_2022,2010,Básico / 2010 / Características do setor,Básico,,Características do setor,,,,,,Código da Unidade da Federação,
2,,ibge_malha_br_setor_censitario_2010,cem_censo_2010_abs,cod_bairro,,cem_censo_2010_2022,2010,Básico / 2010 / Características do setor,Básico,,Características do setor,,,,,,Código de bairro,
3,,ibge_malha_br_setor_censitario_2010,cem_censo_2010_abs,situacao_setor,,cem_censo_2010_2022,2010,Básico / 2010 / Características do setor,Básico,,Características do setor,,,,,,Código de situação do setor,
4,,ibge_malha_br_setor_censitario_2010,cem_censo_2010_abs,cod_distrito,,cem_censo_2010_2022,2010,Básico / 2010 / Características do setor,Básico,,Características do setor,,,,,,Código do distrito,
5,,ibge_malha_br_setor_censitario_2010,cem_censo_2010_abs,cod_municipio,,cem_censo_2010_2022,2010,Básico / 2010 / Características do setor,Básico,,Características do setor,,,,,,Código do município,
6,,ibge_malha_br_setor_censitario_2010,cem_censo_2010_abs,cod_setor,,cem_censo_2010_2022,2010,Básico / 2010 / Características do setor,Básico,,Características do setor,,,,,,Código do setor,
7,,ibge_malha_br_setor_censitario_2010,cem_censo_2010_abs,cod_subdistrito,,cem_censo_2010_2022,2010,Básico / 2010 / Características do setor,Básico,,Características do setor,,,,,,Código do subdistrito,
8,,ibge_malha_br_setor_censitario_2010,cem_censo_2010_abs,nome_uf,,cem_censo_2010_2022,2010,Básico / 2010 / Características do setor,Básico,,Características do setor,,,,,,Nome da Unidade da Federação,
9,,ibge_malha_br_setor_censitario_2010,cem_censo_2010_abs,nome_bairro,,cem_censo_2010_2022,2010,Básico / 2010 / Características do setor,Básico,,Características do setor,,,,,,Nome do bairro,
10,,ibge_malha_br_setor_censitario_2010,cem_censo_2010_abs,nome_distrito,,cem_censo_2010_2022,2010,Básico / 2010 / Características do setor,Básico,,Características do setor,,,,,,Nome do distrito,
11,,ibge_malha_br_setor_censitario_2010,cem_censo_2010_abs,nome_municipio,,cem_censo_2010_2022,2010,Básico / 2010 / Características do setor,Básico,,Características do setor,,,,,,Nome do município,
12,,ibge_malha_br_setor_censitario_2010,cem_censo_2010_abs,nome_subdistrito,,cem_censo_2010_2022,2010,Básico / 2010 / Características do setor,Básico,,Características do setor,,,,,,Nome do subdistrito,
13,,ibge_malha_br_setor_censitario_2010,cem_censo_2010_rel,pop_bas_mor_sex_0_4_mas_pct,pop_bas_mor_tot_0_4_pct,cem_censo_2010_2022,2010,População e domicílios / 2010 / População por faixa etária,População e domicílios,Pessoas de 0 a 4 anos de idade,População por faixa etária,Homens,Sexo dos residentes,Porcentagem em relação ao total de pessoas residentes,% em relação ao total de pessoas residentes,,Homens de 0 a 4 anos de idade,https://raw.githubusercontent.com/cem-usp/georedus_metodologia/refs/heads/main/censo/2010/pop_bas_mor_tot_0_4_pct.md
14,,ibge_malha_br_setor_censitario_2010,cem_censo_2010_rel,pop_bas_mor_sex_0_4_fem_pct,pop_bas_mor_tot_0_4_pct,cem_censo_2010_2022,2010,População e domicílios / 2010 / População por faixa etária,População e domicílios,Pessoas de 0 a 4 anos de idade,População por faixa etária,Mulheres,Sexo dos residentes,Porcentagem em relação ao total de pessoas residentes,% em relação ao total de pessoas residentes,,Mulheres de 0 a 4 anos de idade,https://raw.githubusercontent.com/cem-usp/georedus_metodologia/refs/heads/main/censo/2010/pop_bas_mor_tot_0_4_pct.md
15,,ibge_malha_br_setor_censitario_2010,cem_censo_2010_rel,pop_bas_mor_tot_0_4_pct,pop_bas_mor_tot_0_4_pct,cem_censo_2010_2022,2010,População e domicílios / 2010 / População por faixa etária,População e domicílios,Pessoas de 0 a 4 anos de idade,População por faixa etária,Total de residentes,Total,Porcentagem em relação ao total de pessoas residentes,% em relação ao total de pessoas residentes,sim,Pessoas de 0 a 4 anos de idade,https://raw.githubusercontent.com/cem-usp/georedus_metodologia/refs/heads/main/censo/2010/pop_bas_mor_tot_0_4_pct.md
16,,ibge_malha_br_setor_censitario_2010,cem_censo_2010_rel,pop_bas_mor_cor_0_4_ama_pct,pop_bas_mor_tot_0_4_pct,cem_censo_2010_2022,2010,População e domicílios / 2010 / População por faixa etária,População e domicílios,Pessoas de 0 a 4 anos de idade,População por faixa etária,Pessoas amarelas,Cor dos residentes,Porcentagem em relação ao total de pessoas residentes,% em relação ao total de pessoas residentes,,Pessoas de 0 a 4 anos de idade - amarela,https://raw.githubusercontent.com/cem-usp/georedus_metodologia/refs/heads/main/censo/2010/pop_bas_mor_tot_0_4_pct.md
17,,ibge_malha_br_setor_censitario_2010,cem_censo_2010_rel,pop_bas_mor_cor_0_4_bra_pct,pop_bas_mor_tot_0_4_pct,cem_censo_2010_2022,2010,População e domicílios / 2010 / População por faixa etária,População e domicílios,Pessoas de 0 a 4 anos de idade,População por faixa etária,Pessoas brancas,Cor dos residentes,Porcentagem em relação ao total de pessoas residentes,% em relação ao total de pessoas residentes,,Pessoas de 0 a 4 anos de idade - branca,https://raw.githubusercontent.com/cem-usp/georedus_metodologia/refs/heads/main/censo/2010/pop_bas_mor_tot_0_4_pct.md
18,,ibge_malha_br_setor_censitario_2010,cem_censo_2010_rel,pop_bas_mor_cor_0_4_ind_pct,pop_bas_mor_tot_0_4_pct,cem_censo_2010_2022,2010,População e domicílios / 2010 / População por faixa etária,População e domicílios,Pessoas de 0 a 4 anos de idade,População por faixa etária,Pessoas indígenas,Cor dos residentes,Porcentagem em relação ao total de pessoas residentes,% em relação ao total de pessoas residentes,,Pessoas de 0 a 4 anos de idade - indígena,https://raw.githubusercontent.com/cem-usp/georedus_metodologia/refs/heads/main/censo/2010/pop_bas_mor_tot_0_4_pct.md
19,,ibge_malha_br_setor_censitario_2010,cem_censo_2010_rel,pop_bas_mor_cor_0_4_neg_pct,pop_bas_mor_tot_0_4_pct,cem_censo_2010_2022,2010,População e domicílios / 2010 / População por faixa etária,População e domicílios,Pessoas de 0 a 4 anos de idade,População por faixa etária,Pessoas negras,Cor dos residentes,Porcentagem em relação ao total de pessoas residentes,% em relação ao total de pessoas residentes,,Pessoas de 0 a 4 anos de idade - preta ou parda,https://raw.githubusercontent.com/cem-usp/georedus_metodologia/refs/heads/main/censo/2010/pop_bas_mor_tot_0_4_pct.md
20,,ibge_malha_br_setor_censitario_2010,cem_censo_2010_rel,pop_bas_mor_sex_5_9_mas_pct,pop_bas_mor_tot_5_9_pct,cem_censo_2010_2022,2010,População e domicílios / 2010 / População por faixa etária,População e domicílios,Pessoas de 5 a 9 anos de idade,População por faixa etária,Homens,Sexo dos residentes,Porcentagem em relação ao total de pessoas residentes,% em relação ao total de pessoas residentes,,Homens de 5 a 9 anos de idade,https://raw.githubusercontent.com/cem-usp/georedus_metodologia/refs/heads/main/censo/2010/pop_bas_mor_tot_5_9_pct.md
21,,ibge_malha_br_setor_censitario_2010,cem_censo_2010_rel,pop_bas_mor_sex_5_9_fem_pct,pop_bas_mor_tot_5_9_pct,cem_censo_2010_2022,2010,População e domicílios / 2010 / População por faixa etária,População e domicílios,Pessoas de 5 a 9 anos de idade,População por faixa etária,Mulheres,Sexo dos residentes,Porcentagem em relação ao total de pessoas residentes,% em relação ao total de pessoas residentes,,Mulheres de 5 a 9 anos de idade,https://raw.githubusercontent.com/cem-usp/georedus_metodologia/refs/heads/main/censo/2010/pop_bas_mor_tot_5_9_pct.md
22,,ibge_malha_br_setor_censitario_2010,cem_censo_2010_rel,pop_bas_mor_tot_5_9_pct,pop_bas_mor_tot_5_9_pct,cem_censo_2010_2022,2010,População e domicílios / 2010 / População por faixa etária,População e domicílios,Pessoas de 5 a 9 anos de idade,População por faixa etária,Total de residentes,Total,Porcentagem em relação ao total de pessoas residentes,% em relação ao total de pessoas residentes,sim,Pessoas de 5 a 9 anos de idade,https://raw.githubusercontent.com/cem-usp/georedus_metodologia/refs/heads/main/censo/2010/pop_bas_mor_tot_5_9_pct.md
23,,ibge_malha_br_setor_censitario_2010,cem_censo_2010_rel,pop_bas_mor_cor_5_9_ama_pct,pop_bas_mor_tot_5_9_pct,cem_censo_2010_2022,2010,População e domicílios / 2010 / População por faixa etária,População e domicílios,Pessoas de 5 a 9 anos de idade,População por faixa etária,Pessoas amarelas,Cor e sexo dos residentes,Porcentagem em relação ao total de pessoas residentes,% em relação ao total de pessoas residentes,,Pessoas de 5 a 9 anos de idade - amarela,https://raw.githubusercontent.com/cem-usp/georedus_metodologia/refs/heads/main/censo/2010/pop_bas_mor_tot_5_9_pct.md
24,,ibge_malha_br_setor_censitario_2010,cem_censo_2010_rel,pop_bas_mor_cor_sex_5_9_ama_fem_pct,pop_bas_mor_tot_5_9_pct,cem_censo_2010_2022,2010,População e domicílios / 2010 / População por faixa etária,População e domicílios,Pessoas de 5 a 9 anos de idade,População por faixa etária,Mulheres amarelas,Cor e sexo dos residentes,Porcentagem em relação ao total de pessoas residentes,% em relação ao total de pessoas residentes,,Pessoas de 5 a 9 anos de idade - amarela e sexo feminino,https://raw.githubusercontent.com/cem-usp/georedus_metodologia/refs/heads/main/censo/2010/pop_bas_mor_tot_5_9_pct.md
25,,ibge_malha_br_setor_censitario_2010,cem_censo_2010_rel,pop_bas_mor_cor_sex_5_9_ama_mas_pct,pop_bas_mor_tot_5_9_pct,cem_censo_2010_2022,2010,População e domicílios / 2010 / População por faixa etária,População e domicílios,Pessoas de 5 a 9 anos de idade,População por faixa etária,Homens amarelos,Cor e sexo dos residentes,Porcentagem em relação ao total de pessoas residentes,% em relação ao total de pessoas residentes,,Pessoas de 5 a 9 anos de idade - amarela e sexo masculino,https://raw.githubusercontent.com/cem-usp/georedus_metodologia/refs/heads/main/censo/2010/pop_bas_mor_tot_5_9_pct.md
26,,ibge_malha_br_setor_censitario_2010,cem_censo_2010_rel,pop_bas_mor_cor_5_9_bra_pct,pop_bas_mor_tot_5_9_pct,cem_censo_2010_2022,2010,População e domicílios / 2010 / População por faixa etária,População e domicílios,Pessoas de 5 a 9 anos de idade,População por faixa etária,Pessoas brancas,Cor e sexo dos residentes,Porcentagem em relação ao total de pessoas residentes,% em relação ao total de pessoas residentes,,Pessoas de 5 a 9 anos de idade - branca,https://raw.githubusercontent.com/cem-usp/georedus_metodologia/refs/heads/main/censo/2010/pop_bas_mor_tot_5_9_pct.md
27,,ibge_malha_br_setor_censitario_2010,cem_censo_2010_rel,pop_bas_mor_cor_sex_5_9_bra_fem_pct,pop_bas_mor_tot_5_9_pct,cem_censo_2010_2022,2010,População e domicílios / 2010 / População por faixa etária,População e domicílios,Pessoas de 5 a 9 anos de idade,População por faixa etária,Mulheres brancas,Cor e sexo dos residentes,Porcentagem em relação ao total de pessoas residentes,% em relação ao total de pessoas residentes,,Pessoas de 5 a 9 anos de idade - branca e sexo feminino,https://raw.githubusercontent.com/cem-usp/georedus_metodologia/refs/heads/main/censo/2010/pop_bas_mor_tot_5_9_pct.md
28,,ibge_malha_br_setor_censitario_2010,cem_censo_2010_rel,pop_bas_mor_cor_sex_5_9_bra_mas_pct,pop_bas_mor_tot_5_9_pct,cem_censo_2010_2022,2010,População e domicílios / 2010 / População por faixa etária,População e domicílios,Pessoas de 5 a 9 anos de idade,População por faixa etária,Homens brancos,Cor e sexo dos residentes,Porcentagem em relação ao total de pessoas residentes,% em relação ao total de pessoas residentes,,Pessoas de 5 a 9 anos de idade - branca e sexo masculino,https://raw.githubusercontent.com/cem-usp/georedus_metodologia/refs/heads/main/censo/2010/pop_bas_mor_tot_5_9_pct.md
29,,ibge_malha_br_setor_censitario_2010,cem_censo_2010_rel,pop_bas_mor_cor_5_9_ind_pct,pop_bas_mor_tot_5_9_pct,cem_censo_2010_2022,2010,População e domicílios / 2010 / População por faixa etária,População e domicílios,Pessoas de 5 a 9 anos de idade,População por faixa etária,Pessoas indígenas,Cor e sexo dos residentes,Porcentagem em relação ao total de pessoas residentes,% em relação ao total de pessoas residentes,,Pessoas de 5 a 9 anos de idade - indígena,https://raw.githubusercontent.com/cem-usp/georedus_metodologia/refs/heads/main/censo/2010/pop_bas_mor_tot_5_9_pct.md
30,,ibge_malha_br_setor_censitario_2010,cem_censo_2010_rel,pop_bas_mor_cor_sex_5_9_ind_fem_pct,pop_bas_mor_tot_5_9_pct,cem_censo_2010_2022,2010,População e domicílios / 2010 / População por faixa etária,População e domicílios,Pessoas de 5 a 9 anos de idade,População por faixa etária,Mulheres indígenas,Cor e sexo dos residentes,Porcentagem em relação ao total de pessoas residentes,% em relação ao total de pessoas residentes,,Pessoas de 5 a 9 anos de idade - indígena e sexo feminino,https://raw.githubusercontent.com/cem-usp/georedus_metodologia/refs/heads/main/censo/2010/pop_bas_mor_tot_5_9_pct.md
31,,ibge_malha_br_setor_censitario_2010,cem_censo_2010_rel,pop_bas_mor_cor_sex_5_9_ind_mas_pct,pop_bas_mor_tot_5_9_pct,cem_censo_2010_2022,2010,População e domicílios / 2010 / População por faixa etária,População e domicílios,Pessoas de 5 a 9 anos de idade,População por faixa etária,Homens indígenas,Cor e sexo dos residentes,Porcentagem em relação ao total de pessoas residentes,% em relação ao total de pessoas residentes,,Pessoas de 5 a 9 anos de idade - indígena e sexo masculino,https://raw.githubusercontent.com/cem-usp/georedus_metodologia/refs/heads/main/censo/2010/pop_bas_mor_tot_5_9_pct.md
32,,ibge_malha_br_setor_censitario_2010,cem_censo_2010_rel,pop_bas_mor_cor_5_9_neg_pct,pop_bas_mor_tot_5_9_pct,cem_censo_2010_2022,2010,População e domicílios / 2010 / População por faixa etária,População e domicílios,Pessoas de 5 a 9 anos de idade,População por faixa etária,Pessoas negras,Cor e sexo dos residentes,Porcentagem em relação ao total de pessoas residentes,% em relação ao total de pessoas residentes,,Pessoas de 5 a 9 anos de idade - preta ou parda,https://raw.githubusercontent.com/cem-usp/georedus_metodologia/refs/heads/main/censo/2010/pop_bas_mor_tot_5_9_pct.md
33,,ibge_malha_br_setor_censitario_2010,cem_censo_2010_rel,pop_bas_mor_cor_sex_5_9_neg_fem_pct,pop_bas_mor_tot_5_9_pct,cem_censo_2010_2022,2010,População e domicílios / 2010 / População por faixa etária,População e domicílios,Pessoas de 5 a 9 anos de idade,População por faixa etária,Mulheres negras,Cor e sexo dos residentes,Porcentagem em relação ao total de pessoas residentes,% em relação ao total de pessoas residentes,,Pessoas de 5 a 9 anos de idade - preta ou parda e sexo feminino,https://raw.githubusercontent.com/cem-usp/georedus_metodologia/refs/heads/main/censo/2010/pop_bas_mor_tot_5_9_pct.md
34,,ibge_malha_br_setor_censitario_2010,cem_censo_2010_rel,pop_bas_mor_cor_sex_5_9_neg_mas_pct,pop_bas_mor_tot_5_9_pct,cem_censo_2010_2022,2010,População e domicílios / 2010 / População por faixa etária,População e domicílios,Pessoas de 5 a 9 anos de idade,População por faixa etária,Homens negros,Cor e sexo dos residentes,Porcentagem em relação ao total de pessoas residentes,% em relação ao total de pessoas residentes,,Pessoas de 5 a 9 anos de idade - preta ou parda e sexo masculino,https://raw.githubusercontent.com/cem-usp/georedus_metodologia/refs/heads/main/censo/2010/pop_bas_mor_tot_5_9_pct.md
35,,ibge_malha_br_setor_censitario_2010,cem_censo_2010_rel,pop_bas_mor_sex_10_14_mas_pct,pop_bas_mor_tot_10_14_pct,cem_censo_2010_2022,2010,População e domicílios / 2010 / População por faixa etária,População e domicílios,Pessoas de 10 a 14 anos de idade,População por faixa etária,Homens,Sexo dos residentes,Porcentagem em relação ao total de pessoas residentes,% em relação ao total de pessoas residentes,,Homens de 10 a 14 anos de idade,https://raw.githubusercontent.com/cem-usp/georedus_metodologia/refs/heads/main/censo/2010/pop_bas_mor_tot_10_14_pct.md
36,,ibge_malha_br_setor_censitario_2010,cem_censo_2010_rel,pop_bas_mor_sex_10_14_fem_pct,pop_bas_mor_tot_10_14_pct,cem_censo_2010_2022,2010,População e domicílios / 2010 / População por faixa etária,População e domicílios,Pessoas de 10 a 14 anos de idade,População por faixa etária,Mulheres,Sexo dos residentes,Porcentagem em relação ao total de pessoas residentes,% em relação ao total de pessoas residentes,,Mulheres de 10 a 14 anos de idade,https://raw.githubusercontent.com/cem-usp/georedus_metodologia/refs/heads/main/censo/2010/pop_bas_mor_tot_10_14_pct.md
37,,ibge_malha_br_setor_censitario_2010,cem_censo_2010_rel,pop_bas_mor_tot_10_14_pct,pop_bas_mor_tot_10_14_pct,cem_censo_2010_2022,2010,População e domicílios / 2010 / População por faixa etária,População e domicílios,Pessoas de 10 a 14 anos de idade,População por faixa etária,Total de residentes,Total,Porcentagem em relação ao total de pessoas residentes,% em relação ao total de pessoas residentes,sim,Pessoas de 10 a 14 anos de idade,https://raw.githubusercontent.com/cem-usp/georedus_metodologia/refs/heads/main/censo/2010/pop_bas_mor_tot_10_14_pct.md
38,,ibge_malha_br_setor_censitario_2010,cem_censo_2010_rel,pop_bas_mor_cor_10_14_ama_pct,pop_bas_mor_tot_10_14_pct,cem_censo_2010_2022,2010,População e domicílios / 2010 / População por faixa etária,População e domicílios,Pessoas de 10 a 14 anos de idade,População por faixa etária,Pessoas amarelas,Cor dos residentes,Porcentagem em relação ao total de pessoas residentes,% em relação ao total de pessoas residentes,,Pessoas de 10 a 14 anos de idade - amarela,https://raw.githubusercontent.com/cem-usp/georedus_metodologia/refs/heads/main/censo/2010/pop_bas_mor_tot_10_14_pct.md
39,,ibge_malha_br_setor_censitario_2010,cem_censo_2010_rel,pop_bas_mor_cor_sex_10_14_ama_fem_pct,pop_bas_mor_tot_10_14_pct,cem_censo_2010_2022,2010,População e domicílios / 2010 / População por faixa etária,População e domicílios,Pessoas de 10 a 14 anos de idade,População por faixa etária,Mulheres amarelas,Cor e sexo dos residentes,Porcentagem em relação ao total de pessoas residentes,% em relação ao total de pessoas residentes,,Pessoas de 10 a 14 anos de idade - amarela e sexo feminino,https://raw.githubusercontent.com/cem-usp/georedus_metodologia/refs/heads/main/censo/2010/pop_bas_mor_tot_10_14_pct.md
40,,ibge_malha_br_setor_censitario_2010,cem_censo_2010_rel,pop_bas_mor_cor_sex_10_14_ama_mas_pct,pop_bas_mor_tot_10_14_pct,cem_censo_2010_2022,2010,População e domicílios / 2010 / População por faixa etária,População e domicílios,Pessoas de 10 a 14 anos de idade,População por faixa etária,Homens amarelos,Cor e sexo dos residentes,Porcentagem em relação ao total de pessoas residentes,% em relação ao total de pessoas residentes,,Pessoas de 10 a 14 anos de idade - amarela e sexo masculino,https://raw.githubusercontent.com/cem-usp/georedus_metodologia/refs/heads/main/censo/2010/pop_bas_mor_tot_10_14_pct.md
41,,ibge_malha_br_setor_censitario_2010,cem_censo_2010_rel,pop_bas_mor_cor_10_14_bra_pct,pop_bas_mor_tot_10_14_pct,cem_censo_2010_2022,2010,População e domicílios / 2010 / População por faixa etária,População e domicílios,Pessoas de 10 a 14 anos de idade,População por faixa etária,Pessoas brancas,Cor dos residentes,Porcentagem em relação ao total de pessoas residentes,% em relação ao total de pessoas residentes,,Pessoas de 10 a 14 anos de idade - branca,https://raw.githubusercontent.com/cem-usp/georedus_metodologia/refs/heads/main/censo/2010/pop_bas_mor_tot_10_14_pct.md
42,,ibge_malha_br_setor_censitario_2010,cem_censo_2010_rel,pop_bas_mor_cor_sex_10_14_bra_fem_pct,pop_bas_mor_tot_10_14_pct,cem_censo_2010_2022,2010,População e domicílios / 2010 / População por faixa etária,População e domicílios,Pessoas de 10 a 14 anos de idade,População por faixa etária,Mulheres brancas,Cor e sexo dos residentes,Porcentagem em relação ao total de pessoas residentes,% em relação ao total de pessoas residentes,,Pessoas de 10 a 14 anos de idade - branca e sexo feminino,https://raw.githubusercontent.com/cem-usp/georedus_metodologia/refs/heads/main/censo/2010/pop_bas_mor_tot_10_14_pct.md
43,,ibge_malha_br_setor_censitario_2010,cem_censo_2010_rel,pop_bas_mor_cor_sex_10_14_bra_mas_pct,pop_bas_mor_tot_10_14_pct,cem_censo_2010_2022,2010,População e domicílios / 2010 / População por faixa etária,População e domicílios,Pessoas de 10 a 14 anos de idade,População por faixa etária,Homens brancos,Cor e sexo dos residentes,Porcentagem em relação ao total de pessoas residentes,% em relação ao total de pessoas residentes,,Pessoas de 10 a 14 anos de idade - branca e sexo masculino,https://raw.githubusercontent.com/cem-usp/georedus_metodologia/refs/heads/main/censo/2010/pop_bas_mor_tot_10_14_pct.md
44,,ibge_malha_br_setor_censitario_2010,cem_censo_2010_rel,pop_bas_mor_cor_10_14_ind_pct,pop_bas_mor_tot_10_14_pct,cem_censo_2010_2022,2010,População e domicílios / 2010 / População por faixa etária,População e domicílios,Pessoas de 10 a 14 anos de idade,População por faixa etária,Pessoas indígenas,Cor dos residentes,Porcentagem em relação ao total de pessoas residentes,% em relação ao total de pessoas residentes,,Pessoas de 10 a 14 anos de idade - indígena,https://raw.githubusercontent.com/cem-usp/georedus_metodologia/refs/heads/main/censo/2010/pop_bas_mor_tot_10_14_pct.md
45,,ibge_malha_br_setor_censitario_2010,cem_censo_2010_rel,pop_bas_mor_cor_sex_10_14_ind_fem_pct,pop_bas_mor_tot_10_14_pct,cem_censo_2010_2022,2010,População e domicílios / 2010 / População por faixa etária,População e domicílios,Pessoas de 10 a 14 anos de idade,População por faixa etária,Mulheres indígenas,Cor e sexo dos residentes,Porcentagem em relação ao total de pessoas residentes,% em relação ao total de pessoas residentes,,Pessoas de 10 a 14 anos de idade - indígena e sexo feminino,https://raw.githubusercontent.com/cem-usp/georedus_metodologia/refs/heads/main/censo/2010/pop_bas_mor_tot_10_14_pct.md
46,,ibge_malha_br_setor_censitario_2010,cem_censo_2010_rel,pop_bas_mor_cor_sex_10_14_ind_mas_pct,pop_bas_mor_tot_10_14_pct,cem_censo_2010_2022,2010,População e domicílios / 2010 / População por faixa etária,População e domicílios,Pessoas de 10 a 14 anos de idade,População por faixa etária,Homens indígenas,Cor e sexo dos residentes,Porcentagem em relação ao total de pessoas residentes,% em relação ao total de pessoas residentes,,Pessoas de 10 a 14 anos de idade - indígena e sexo masculino,https://raw.githubusercontent.com/cem-usp/georedus_metodologia/refs/heads/main/censo/2010/pop_bas_mor_tot_10_14_pct.md
47,,ibge_malha_br_setor_censitario_2010,cem_censo_2010_rel,pop_bas_mor_cor_10_14_neg_pct,pop_bas_mor_tot_10_14_pct,cem_censo_2010_2022,2010,População e domicílios / 2010 / População por faixa etária,População e domicílios,Pessoas de 10 a 14 anos de idade,População por faixa etária,Pessoas negras,Cor dos residentes,Porcentagem em relação ao total de pessoas residentes,% em relação ao total de pessoas residentes,,Pessoas de 10 a 14 anos de idade - preta ou parda,https://raw.githubusercontent.com/cem-usp/georedus_metodologia/refs/heads/main/censo/2010/pop_bas_mor_tot_10_14_pct.md
48,,ibge_malha_br_setor_censitario_2010,cem_censo_2010_rel,pop_bas_mor_cor_sex_10_14_neg_fem_pct,pop_bas_mor_tot_10_14_pct,cem_censo_2010_2022,2010,População e domicílios / 2010 / População por faixa etária,População e domicílios,Pessoas de 10 a 14 anos de idade,População por faixa etária,Mulheres negras,Cor e sexo dos residentes,Porcentagem em relação ao total de pessoas residentes,% em relação ao total de pessoas residentes,,Pessoas de 10 a 14 anos de idade - preta ou parda e sexo feminino,https://raw.githubusercontent.com/cem-usp/georedus_metodologia/refs/heads/main/censo/2010/pop_bas_mor_tot_10_14_pct.md
49,,ibge_malha_br_setor_censitario_2010,cem_censo_2010_rel,pop_bas_mor_cor_sex_10_14_neg_mas_pct,pop_bas_mor_tot_10_14_pct,cem_censo_2010_2022,2010,População e domicílios / 2010 / População por faixa etária,População e domicílios,Pessoas de 10 a 14 anos de idade,População por faixa etária,Homens negros,Cor e sexo dos residentes,Porcentagem em relação ao total de pessoas residentes,% em relação ao total de pessoas residentes,,Pessoas de 10 a 14 anos de idade - preta ou parda e sexo masculino,https://raw.githubusercontent.com/cem-usp/georedus_metodologia/refs/heads/main/censo/2010/pop_bas_mor_tot_10_14_pct.md
50,,ibge_malha_br_setor_censitario_2010,cem_censo_2010_rel,pop_bas_mor_sex_15_19_mas_pct,pop_bas_mor_tot_15_19_pct,cem_censo_2010_2022,2010,População e domicílios / 2010 / População por faixa etária,População e domicílios,Pessoas de 15 a 19 anos de idade,População por faixa etária,Homens,Sexo dos residentes,Porcentagem em relação ao total de pessoas residentes,% em relação ao total de pessoas residentes,,Homens de 15 a 19 anos de idade,https://raw.githubusercontent.com/cem-usp/georedus_metodologia/refs/heads/main/censo/2010/pop_bas_mor_tot_15_19_pct.md
51,,ibge_malha_br_setor_censitario_2010,cem_censo_2010_rel,pop_bas_mor_sex_15_19_fem_pct,pop_bas_mor_tot_15_19_pct,cem_censo_2010_2022,2010,População e domicílios / 2010 / População por faixa etária,População e domicílios,Pessoas de 15 a 19 anos de idade,População por faixa etária,Mulheres,Sexo dos residentes,Porcentagem em relação ao total de pessoas residentes,% em relação ao total de pessoas residentes,,Mulheres de 15 a 19 anos de idade,https://raw.githubusercontent.com/cem-usp/georedus_metodologia/refs/heads/main/censo/2010/pop_bas_mor_tot_15_19_pct.md
52,,ibge_malha_br_setor_censitario_2010,cem_censo_2010_rel,pop_bas_mor_tot_15_19_pct,pop_bas_mor_tot_15_19_pct,cem_censo_2010_2022,2010,População e domicílios / 2010 / População por faixa etária,População e domicílios,Pessoas de 15 a 19 anos de idade,População por faixa etária,Total de residentes,Total,Porcentagem em relação ao total de pessoas residentes,% em relação ao total de pessoas residentes,sim,Pessoas de 15 a 19 anos de idade,https://raw.githubusercontent.com/cem-usp/georedus_metodologia/refs/heads/main/censo/2010/pop_bas_mor_tot_15_19_pct.md
53,,ibge_malha_br_setor_censitario_2010,cem_censo_2010_rel,pop_bas_mor_cor_15_19_ama_pct,pop_bas_mor_tot_15_19_pct,cem_censo_2010_2022,2010,População e domicílios / 2010 / População por faixa etária,População e domicílios,Pessoas de 15 a 19 anos de idade,População por faixa etária,Pessoas amarelas,Cor dos residentes,Porcentagem em relação ao total de pessoas residentes,% em relação ao total de pessoas residentes,,Pessoas de 15 a 19 anos de idade - amarela,https://raw.githubusercontent.com/cem-usp/georedus_metodologia/refs/heads/main/censo/2010/pop_bas_mor_tot_15_19_pct.md
54,,ibge_malha_br_setor_censitario_2010,cem_censo_2010_rel,pop_bas_mor_cor_sex_15_19_ama_fem_pct,pop_bas_mor_tot_15_19_pct,cem_censo_2010_2022,2010,População e domicílios / 2010 / População por faixa etária,População e domicílios,Pessoas de 15 a 19 anos de idade,População por faixa etária,Mulheres amarelas,Cor e sexo dos residentes,Porcentagem em relação ao total de pessoas residentes,% em relação ao total de pessoas residentes,,Pessoas de 15 a 19 anos de idade - amarela e sexo feminino,https://raw.githubusercontent.com/cem-usp/georedus_metodologia/refs/heads/main/censo/2010/pop_bas_mor_tot_15_19_pct.md
55,,ibge_malha_br_setor_censitario_2010,cem_censo_2010_rel,pop_bas_mor_cor_sex_15_19_ama_mas_pct,pop_bas_mor_tot_15_19_pct,cem_censo_2010_2022,2010,População e domicílios / 2010 / População por faixa etária,População e domicílios,Pessoas de 15 a 19 anos de idade,População por faixa etária,Homens amarelos,Cor e sexo dos residentes,Porcentagem em relação ao total de pessoas residentes,% em relação ao total de pessoas residentes,,Pessoas de 15 a 19 anos de idade - amarela e sexo masculino,https://raw.githubusercontent.com/cem-usp/georedus_metodologia/refs/heads/main/censo/2010/pop_bas_mor_tot_15_19_pct.md
56,,ibge_malha_br_setor_censitario_2010,cem_censo_2010_rel,pop_bas_mor_cor_15_19_bra_pct,pop_bas_mor_tot_15_19_pct,cem_censo_2010_2022,2010,População e domicílios / 2010 / População por faixa etária,População e domicílios,Pessoas de 15 a 19 anos de idade,População por faixa etária,Pessoas brancas,Cor dos residentes,Porcentagem em relação ao total de pessoas residentes,% em relação ao total de pessoas residentes,,Pessoas de 15 a 19 anos de idade - branca,https://raw.githubusercontent.com/cem-usp/georedus_metodologia/refs/heads/main/censo/2010/pop_bas_mor_tot_15_19_pct.md
57,,ibge_malha_br_setor_censitario_2010,cem_censo_2010_rel,pop_bas_mor_cor_sex_15_19_bra_fem_pct,pop_bas_mor_tot_15_19_pct,cem_censo_2010_2022,2010,População e domicílios / 2010 / População por faixa etária,População e domicílios,Pessoas de 15 a 19 anos de idade,População por faixa etária,Mulheres brancas,Cor e sexo dos residentes,Porcentagem em relação ao total de pessoas residentes,% em relação ao total de pessoas residentes,,Pessoas de 15 a 19 anos de idade - branca e sexo feminino,https://raw.githubusercontent.com/cem-usp/georedus_metodologia/refs/heads/main/censo/2010/pop_bas_mor_tot_15_19_pct.md
58,,ibge_malha_br_setor_censitario_2010,cem_censo_2010_rel,pop_bas_mor_cor_sex_15_19_bra_mas_pct,pop_bas_mor_tot_15_19_pct,cem_censo_2010_2022,2010,População e domicílios / 2010 / População por faixa etária,População e domicílios,Pessoas de 15 a 19 anos de idade,População por faixa etária,Homens brancos,Cor e sexo dos residentes,Porcentagem em relação ao total de pessoas residentes,% em relação ao total de pessoas residentes,,Pessoas de 15 a 19 anos de idade - branca e sexo masculino,https://raw.githubusercontent.com/cem-usp/georedus_metodologia/refs/heads/main/censo/2010/pop_bas_mor_tot_15_19_pct.md
59,,ibge_malha_br_setor_censitario_2010,cem_censo_2010_rel,pop_bas_mor_cor_15_19_ind_pct,pop_bas_mor_tot_15_19_pct,cem_censo_2010_2022,2010,População e domicílios / 2010 / População por faixa etária,População e domicílios,Pessoas de 15 a 19 anos de idade,População por faixa etária,Pessoas indígenas,Cor dos residentes,Porcentagem em relação ao total de pessoas residentes,% em relação ao total de pessoas residentes,,Pessoas de 15 a 19 anos de idade - indígena,https://raw.githubusercontent.com/cem-usp/georedus_metodologia/refs/heads/main/censo/2010/pop_bas_mor_tot_15_19_pct.md
60,,ibge_malha_br_setor_censitario_2010,cem_censo_2010_rel,pop_bas_mor_cor_sex_15_19_ind_fem_pct,pop_bas_mor_tot_15_19_pct,cem_censo_2010_2022,2010,População e domicílios / 2010 / População por faixa etária,População e domicílios,Pessoas de 15 a 19 anos de idade,População por faixa etária,Mulheres indígenas,Cor e sexo dos residentes,Porcentagem em relação ao total de pessoas residentes,% em relação ao total de pessoas residentes,,Pessoas de 15 a 19 anos de idade - indígena e sexo feminino,https://raw.githubusercontent.com/cem-usp/georedus_metodologia/refs/heads/main/censo/2010/pop_bas_mor_tot_15_19_pct.md
61,,ibge_malha_br_setor_censitario_2010,cem_censo_2010_rel,pop_bas_mor_cor_sex_15_19_ind_mas_pct,pop_bas_mor_tot_15_19_pct,cem_censo_2010_2022,2010,População e domicílios / 2010 / População por faixa etária,População e domicílios,Pessoas de 15 a 19 anos de idade,População por faixa etária,Homens indígenas,Cor e sexo dos residentes,Porcentagem em relação ao total de pessoas residentes,% em relação ao total de pessoas residentes,,Pessoas de 15 a 19 anos de idade - indígena e sexo masculino,https://raw.githubusercontent.com/cem-usp/georedus_metodologia/refs/heads/main/censo/2010/pop_bas_mor_tot_15_19_pct.md
62,,ibge_malha_br_setor_censitario_2010,cem_censo_2010_rel,pop_bas_mor_cor_15_19_neg_pct,pop_bas_mor_tot_15_19_pct,cem_censo_2010_2022,2010,População e domicílios / 2010 / População por faixa etária,População e domicílios,Pessoas de 15 a 19 anos de idade,População por faixa etária,Pessoas negras,Cor dos residentes,Porcentagem em relação ao total de pessoas residentes,% em relação ao total de pessoas residentes,,Pessoas de 15 a 19 anos de idade - preta ou parda,https://raw.githubusercontent.com/cem-usp/georedus_metodologia/refs/heads/main/censo/2010/pop_bas_mor_tot_15_19_pct.md
63,,ibge_malha_br_setor_censitario_2010,cem_censo_2010_rel,pop_bas_mor_cor_sex_15_19_neg_fem_pct,pop_bas_mor_tot_15_19_pct,cem_censo_2010_2022,2010,População e domicílios / 2010 / População por faixa etária,População e domicílios,Pessoas de 15 a 19 anos de idade,População por faixa etária,Mulheres negras,Cor e sexo dos residentes,Porcentagem em relação ao total de pessoas residentes,% em relação ao total de pessoas residentes,,Pessoas de 15 a 19 anos de idade - preta ou parda e sexo feminino,https://raw.githubusercontent.com/cem-usp/georedus_metodologia/refs/heads/main/censo/2010/pop_bas_mor_tot_15_19_pct.md
64,,ibge_malha_br_setor_censitario_2010,cem_censo_2010_rel,pop_bas_mor_cor_sex_15_19_neg_mas_pct,pop_bas_mor_tot_15_19_pct,cem_censo_2010_2022,2010,População e domicílios / 2010 / População por faixa etária,População e domicílios,Pessoas de 15 a 19 anos de idade,População por faixa etária,Homens negros,Cor e sexo dos residentes,Porcentagem em relação ao total de pessoas residentes,% em relação ao total de pessoas residentes,,Pessoas de 15 a 19 anos de idade - preta ou parda e sexo masculino,https://raw.githubusercontent.com/cem-usp/georedus_metodologia/refs/heads/main/censo/2010/pop_bas_mor_tot_15_19_pct.md
65,,ibge_malha_br_setor_censitario_2010,cem_censo_2010_rel,pop_bas_mor_sex_20_59_mas_pct,pop_bas_mor_tot_20_59_pct,cem_censo_2010_2022,2010,População e domicílios / 2010 / População por faixa etária,População e domicílios,Pessoas de 20 a 59 anos de idade,População por faixa etária,Homens,Sexo dos residentes,Porcentagem em relação ao total de pessoas residentes,% em relação ao total de pessoas residentes,,Homens de 20 a 59 anos de idade,https://raw.githubusercontent.com/cem-usp/georedus_metodologia/refs/heads/main/censo/2010/pop_bas_mor_tot_20_59_pct.md
66,,ibge_malha_br_setor_censitario_2010,cem_censo_2010_rel,pop_bas_mor_sex_20_59_fem_pct,pop_bas_mor_tot_20_59_pct,cem_censo_2010_2022,2010,População e domicílios / 2010 / População por faixa etária,População e domicílios,Pessoas de 20 a 59 anos de idade,População por faixa etária,Mulheres,Sexo dos residentes,Porcentagem em relação ao total de pessoas residentes,% em relação ao total de pessoas residentes,,Mulheres de 20 a 59 anos de idade,https://raw.githubusercontent.com/cem-usp/georedus_metodologia/refs/heads/main/censo/2010/pop_bas_mor_tot_20_59_pct.md
67,,ibge_malha_br_setor_censitario_2010,cem_censo_2010_rel,pop_bas_mor_tot_20_59_pct,pop_bas_mor_tot_20_59_pct,cem_censo_2010_2022,2010,População e domicílios / 2010 / População por faixa etária,População e domicílios,Pessoas de 20 a 59 anos de idade,População por faixa etária,Total de residentes,Total,Porcentagem em relação ao total de pessoas residentes,% em relação ao total de pessoas residentes,sim,Pessoas de 20 a 59 anos de idade,https://raw.githubusercontent.com/cem-usp/georedus_metodologia/refs/heads/main/censo/2010/pop_bas_mor_tot_20_59_pct.md
68,,ibge_malha_br_setor_censitario_2010,cem_censo_2010_rel,pop_bas_mor_cor_20_59_ama_pct,pop_bas_mor_tot_20_59_pct,cem_censo_2010_2022,2010,População e domicílios / 2010 / População por faixa etária,População e domicílios,Pessoas de 20 a 59 anos de idade,População por faixa etária,Pessoas amarelas,Cor dos residentes,Porcentagem em relação ao total de pessoas residentes,% em relação ao total de pessoas residentes,,Pessoas de 20 a 59 anos de idade - amarela,https://raw.githubusercontent.com/cem-usp/georedus_metodologia/refs/heads/main/censo/2010/pop_bas_mor_tot_20_59_pct.md
69,,ibge_malha_br_setor_censitario_2010,cem_censo_2010_rel,pop_bas_mor_cor_sex_20_59_ama_fem_pct,pop_bas_mor_tot_20_59_pct,cem_censo_2010_2022,2010,População e domicílios / 2010 / População por faixa etária,População e domicílios,Pessoas de 20 a 59 anos de idade,População por faixa etária,Mulheres amarelas,Cor e sexo dos residentes,Porcentagem em relação ao total de pessoas residentes,% em relação ao total de pessoas residentes,,Pessoas de 20 a 59 anos de idade - amarela e sexo feminino,https://raw.githubusercontent.com/cem-usp/georedus_metodologia/refs/heads/main/censo/2010/pop_bas_mor_tot_20_59_pct.md
70,,ibge_malha_br_setor_censitario_2010,cem_censo_2010_rel,pop_bas_mor_cor_sex_20_59_ama_mas_pct,pop_bas_mor_tot_20_59_pct,cem_censo_2010_2022,2010,População e domicílios / 2010 / População por faixa etária,População e domicílios,Pessoas de 20 a 59 anos de idade,População por faixa etária,Homens amarelos,Cor e sexo dos residentes,Porcentagem em relação ao total de pessoas residentes,% em relação ao total de pessoas residentes,,Pessoas de 20 a 59 anos de idade - amarela e sexo masculino,https://raw.githubusercontent.com/cem-usp/georedus_metodologia/refs/heads/main/censo/2010/pop_bas_mor_tot_20_59_pct.md
71,,ibge_malha_br_setor_censitario_2010,cem_censo_2010_rel,pop_bas_mor_cor_20_59_bra_pct,pop_bas_mor_tot_20_59_pct,cem_censo_2010_2022,2010,População e domicílios / 2010 / População por faixa etária,População e domicílios,Pessoas de 20 a 59 anos de idade,População por faixa etária,Pessoas brancas,Cor dos residentes,Porcentagem em relação ao total de pessoas residentes,% em relação ao total de pessoas residentes,,Pessoas de 20 a 59 anos de idade - branca,https://raw.githubusercontent.com/cem-usp/georedus_metodologia/refs/heads/main/censo/2010/pop_bas_mor_tot_20_59_pct.md
72,,ibge_malha_br_setor_censitario_2010,cem_censo_2010_rel,pop_bas_mor_cor_sex_20_59_bra_fem_pct,pop_bas_mor_tot_20_59_pct,cem_censo_2010_2022,2010,População e domicílios / 2010 / População por faixa etária,População e domicílios,Pessoas de 20 a 59 anos de idade,População por faixa etária,Mulheres brancas,Cor e sexo dos residentes,Porcentagem em relação ao total de pessoas residentes,% em relação ao total de pessoas residentes,,Pessoas de 20 a 59 anos de idade - branca e sexo feminino,https://raw.githubusercontent.com/cem-usp/georedus_metodologia/refs/heads/main/censo/2010/pop_bas_mor_tot_20_59_pct.md
73,,ibge_malha_br_setor_censitario_2010,cem_censo_2010_rel,pop_bas_mor_cor_sex_20_59_bra_mas_pct,pop_bas_mor_tot_20_59_pct,cem_censo_2010_2022,2010,População e domicílios / 2010 / População por faixa etária,População e domicílios,Pessoas de 20 a 59 anos de idade,População por faixa etária,Homens brancos,Cor e sexo dos residentes,Porcentagem em relação ao total de pessoas residentes,% em relação ao total de pessoas residentes,,Pessoas de 20 a 59 anos de idade - branca e sexo masculino,https://raw.githubusercontent.com/cem-usp/georedus_metodologia/refs/heads/main/censo/2010/pop_bas_mor_tot_20_59_pct.md
74,,ibge_malha_br_setor_censitario_2010,cem_censo_2010_rel,pop_bas_mor_cor_20_59_ind_pct,pop_bas_mor_tot_20_59_pct,cem_censo_2010_2022,2010,População e domicílios / 2010 / População por faixa etária,População e domicílios,Pessoas de 20 a 59 anos de idade,População por faixa etária,Pessoas indígenas,Cor dos residentes,Porcentagem em relação ao total de pessoas residentes,% em relação ao total de pessoas residentes,,Pessoas de 20 a 59 anos de idade - indígena,https://raw.githubusercontent.com/cem-usp/georedus_metodologia/refs/heads/main/censo/2010/pop_bas_mor_tot_20_59_pct.md
75,,ibge_malha_br_setor_censitario_2010,cem_censo_2010_rel,pop_bas_mor_cor_sex_20_59_ind_fem_pct,pop_bas_mor_tot_20_59_pct,cem_censo_2010_2022,2010,População e domicílios / 2010 / População por faixa etária,População e domicílios,Pessoas de 20 a 59 anos de idade,População por faixa etária,Mulheres indígenas,Cor e sexo dos residentes,Porcentagem em relação ao total de pessoas residentes,% em relação ao total de pessoas residentes,,Pessoas de 20 a 59 anos de idade - indígena e sexo feminino,https://raw.githubusercontent.com/cem-usp/georedus_metodologia/refs/heads/main/censo/2010/pop_bas_mor_tot_20_59_pct.md
76,,ibge_malha_br_setor_censitario_2010,cem_censo_2010_rel,pop_bas_mor_cor_sex_20_59_ind_mas_pct,pop_bas_mor_tot_20_59_pct,cem_censo_2010_2022,2010,População e domicílios / 2010 / População por faixa etária,População e domicílios,Pessoas de 20 a 59 anos de idade,População por faixa etária,Homens indígenas,Cor e sexo dos residentes,Porcentagem em relação ao total de pessoas residentes,% em relação ao total de pessoas residentes,,Pessoas de 20 a 59 anos de idade - indígena e sexo masculino,https://raw.githubusercontent.com/cem-usp/georedus_metodologia/refs/heads/main/censo/2010/pop_bas_mor_tot_20_59_pct.md
77,,ibge_malha_br_setor_censitario_2010,cem_censo_2010_rel,pop_bas_mor_cor_20_59_neg_pct,pop_bas_mor_tot_20_59_pct,cem_censo_2010_2022,2010,População e domicílios / 2010 / População por faixa etária,População e domicílios,Pessoas de 20 a 59 anos de idade,População por faixa etária,Pessoas negras,Cor dos residentes,Porcentagem em relação ao total de pessoas residentes,% em relação ao total de pessoas residentes,,Pessoas de 20 a 59 anos de idade - preta ou parda,https://raw.githubusercontent.com/cem-usp/georedus_metodologia/refs/heads/main/censo/2010/pop_bas_mor_tot_20_59_pct.md
78,,ibge_malha_br_setor_censitario_2010,cem_censo_2010_rel,pop_bas_mor_cor_sex_20_59_neg_fem_pct,pop_bas_mor_tot_20_59_pct,cem_censo_2010_2022,2010,População e domicílios / 2010 / População por faixa etária,População e domicílios,Pessoas de 20 a 59 anos de idade,População por faixa etária,Mulheres negras,Cor e sexo dos residentes,Porcentagem em relação ao total de pessoas residentes,% em relação ao total de pessoas residentes,,Pessoas de 20 a 59 anos de idade - preta ou parda e sexo feminino,https://raw.githubusercontent.com/cem-usp/georedus_metodologia/refs/heads/main/censo/2010/pop_bas_mor_tot_20_59_pct.md
79,,ibge_malha_br_setor_censitario_2010,cem_censo_2010_rel,pop_bas_mor_cor_sex_20_59_neg_mas_pct,pop_bas_mor_tot_20_59_pct,cem_censo_2010_2022,2010,População e domicílios / 2010 / População por faixa etária,População e domicílios,Pessoas de 20 a 59 anos de idade,População por faixa etária,Homens negros,Cor e sexo dos residentes,Porcentagem em relação ao total de pessoas residentes,% em relação ao total de pessoas residentes,,Pessoas de 20 a 59 anos de idade - preta ou parda e sexo masculino,https://raw.githubusercontent.com/cem-usp/georedus_metodologia/refs/heads/main/censo/2010/pop_bas_mor_tot_20_59_pct.md
80,,ibge_malha_br_setor_censitario_2010,cem_censo_2010_rel,pop_bas_mor_sex_60_mais_mas_pct,pop_bas_mor_tot_60_mais_pct,cem_censo_2010_2022,2010,População e domicílios / 2010 / População por faixa etária,População e domicílios,Pessoas de 60 ou mais anos de idade,População por faixa etária,Homens,Sexo dos residentes,Porcentagem em relação ao total de pessoas residentes,% em relação ao total de pessoas residentes,,Homens de 60 ou mais anos de idade,https://raw.githubusercontent.com/cem-usp/georedus_metodologia/refs/heads/main/censo/2010/pop_bas_mor_tot_60_mais_pct.md
81,,ibge_malha_br_setor_censitario_2010,cem_censo_2010_rel,pop_bas_mor_sex_60_mais_fem_pct,pop_bas_mor_tot_60_mais_pct,cem_censo_2010_2022,2010,População e domicílios / 2010 / População por faixa etária,População e domicílios,Pessoas de 60 ou mais anos de idade,População por faixa etária,Mulheres,Sexo dos residentes,Porcentagem em relação ao total de pessoas residentes,% em relação ao total de pessoas residentes,,Mulheres de 60 ou mais anos de idade,https://raw.githubusercontent.com/cem-usp/georedus_metodologia/refs/heads/main/censo/2010/pop_bas_mor_tot_60_mais_pct.md
82,,ibge_malha_br_setor_censitario_2010,cem_censo_2010_rel,pop_bas_mor_tot_60_mais_pct,pop_bas_mor_tot_60_mais_pct,cem_censo_2010_2022,2010,População e domicílios / 2010 / População por faixa etária,População e domicílios,Pessoas de 60 ou mais anos de idade,População por faixa etária,Total de residentes,Total,Porcentagem em relação ao total de pessoas residentes,% em relação ao total de pessoas residentes,sim,Pessoas de 60 ou mais anos de idade,https://raw.githubusercontent.com/cem-usp/georedus_metodologia/refs/heads/main/censo/2010/pop_bas_mor_tot_60_mais_pct.md
83,,ibge_malha_br_setor_censitario_2010,cem_censo_2010_rel,pop_bas_mor_cor_60_mais_ama_pct,pop_bas_mor_tot_60_mais_pct,cem_censo_2010_2022,2010,População e domicílios / 2010 / População por faixa etária,População e domicílios,Pessoas de 60 ou mais anos de idade,População por faixa etária,Pessoas amarelas,Cor dos residentes,Porcentagem em relação ao total de pessoas residentes,% em relação ao total de pessoas residentes,,Pessoas de 60 ou mais anos de idade - amarela,https://raw.githubusercontent.com/cem-usp/georedus_metodologia/refs/heads/main/censo/2010/pop_bas_mor_tot_60_mais_pct.md
84,,ibge_malha_br_setor_censitario_2010,cem_censo_2010_rel,pop_bas_mor_cor_sex_60_mais_ama_fem_pct,pop_bas_mor_tot_60_mais_pct,cem_censo_2010_2022,2010,População e domicílios / 2010 / População por faixa etária,População e domicílios,Pessoas de 60 ou mais anos de idade,População por faixa etária,Mulheres amarelas,Cor e sexo dos residentes,Porcentagem em relação ao total de pessoas residentes,% em relação ao total de pessoas residentes,,Pessoas de 60 ou mais anos de idade - amarela e sexo feminino,https://raw.githubusercontent.com/cem-usp/georedus_metodologia/refs/heads/main/censo/2010/pop_bas_mor_tot_60_mais_pct.md
85,,ibge_malha_br_setor_censitario_2010,cem_censo_2010_rel,pop_bas_mor_cor_sex_60_mais_ama_mas_pct,pop_bas_mor_tot_60_mais_pct,cem_censo_2010_2022,2010,População e domicílios / 2010 / População por faixa etária,População e domicílios,Pessoas de 60 ou mais anos de idade,População por faixa etária,Homens amarelos,Cor e sexo dos residentes,Porcentagem em relação ao total de pessoas residentes,% em relação ao total de pessoas residentes,,Pessoas de 60 ou mais anos de idade - amarela e sexo masculino,https://raw.githubusercontent.com/cem-usp/georedus_metodologia/refs/heads/main/censo/2010/pop_bas_mor_tot_60_mais_pct.md
86,,ibge_malha_br_setor_censitario_2010,cem_censo_2010_rel,pop_bas_mor_cor_60_mais_bra_pct,pop_bas_mor_tot_60_mais_pct,cem_censo_2010_2022,2010,População e domicílios / 2010 / População por faixa etária,População e domicílios,Pessoas de 60 ou mais anos de idade,População por faixa etária,Pessoas brancas,Cor dos residentes,Porcentagem em relação ao total de pessoas residentes,% em relação ao total de pessoas residentes,,Pessoas de 60 ou mais anos de idade - branca,https://raw.githubusercontent.com/cem-usp/georedus_metodologia/refs/heads/main/censo/2010/pop_bas_mor_tot_60_mais_pct.md
87,,ibge_malha_br_setor_censitario_2010,cem_censo_2010_rel,pop_bas_mor_cor_sex_60_mais_bra_fem_pct,pop_bas_mor_tot_60_mais_pct,cem_censo_2010_2022,2010,População e domicílios / 2010 / População por faixa etária,População e domicílios,Pessoas de 60 ou mais anos de idade,População por faixa etária,Mulheres brancas,Cor e sexo dos residentes,Porcentagem em relação ao total de pessoas residentes,% em relação ao total de pessoas residentes,,Pessoas de 60 ou mais anos de idade - branca e sexo feminino,https://raw.githubusercontent.com/cem-usp/georedus_metodologia/refs/heads/main/censo/2010/pop_bas_mor_tot_60_mais_pct.md
88,,ibge_malha_br_setor_censitario_2010,cem_censo_2010_rel,pop_bas_mor_cor_sex_60_mais_bra_mas_pct,pop_bas_mor_tot_60_mais_pct,cem_censo_2010_2022,2010,População e domicílios / 2010 / População por faixa etária,População e domicílios,Pessoas de 60 ou mais anos de idade,População por faixa etária,Homens brancos,Cor e sexo dos residentes,Porcentagem em relação ao total de pessoas residentes,% em relação ao total de pessoas residentes,,Pessoas de 60 ou mais anos de idade - branca e sexo masculino,https://raw.githubusercontent.com/cem-usp/georedus_metodologia/refs/heads/main/censo/2010/pop_bas_mor_tot_60_mais_pct.md
89,,ibge_malha_br_setor_censitario_2010,cem_censo_2010_rel,pop_bas_mor_cor_60_mais_ind_pct,pop_bas_mor_tot_60_mais_pct,cem_censo_2010_2022,2010,População e domicílios / 2010 / População por faixa etária,População e domicílios,Pessoas de 60 ou mais anos de idade,População por faixa etária,Pessoas indígenas,Cor dos residentes,Porcentagem em relação ao total de pessoas residentes,% em relação ao total de pessoas residentes,,Pessoas de 60 ou mais anos de idade - indígena,https://raw.githubusercontent.com/cem-usp/georedus_metodologia/refs/heads/main/censo/2010/pop_bas_mor_tot_60_mais_pct.md
90,,ibge_malha_br_setor_censitario_2010,cem_censo_2010_rel,pop_bas_mor_cor_sex_60_mais_ind_fem_pct,pop_bas_mor_tot_60_mais_pct,cem_censo_2010_2022,2010,População e domicílios / 2010 / População por faixa etária,População e domicílios,Pessoas de 60 ou mais anos de idade,População por faixa etária,Mulheres indígenas,Cor e sexo dos residentes,Porcentagem em relação ao total de pessoas residentes,% em relação ao total de pessoas residentes,,Pessoas de 60 ou mais anos de idade - indígena e sexo feminino,https://raw.githubusercontent.com/cem-usp/georedus_metodologia/refs/heads/main/censo/2010/pop_bas_mor_tot_60_mais_pct.md
91,,ibge_malha_br_setor_censitario_2010,cem_censo_2010_rel,pop_bas_mor_cor_sex_60_mais_ind_mas_pct,pop_bas_mor_tot_60_mais_pct,cem_censo_2010_2022,2010,População e domicílios / 2010 / População por faixa etária,População e domicílios,Pessoas de 60 ou mais anos de idade,População por faixa etária,Homens indígenas,Cor e sexo dos residentes,Porcentagem em relação ao total de pessoas residentes,% em relação ao total de pessoas residentes,,Pessoas de 60 ou mais anos de idade - indígena e sexo masculino,https://raw.githubusercontent.com/cem-usp/georedus_metodologia/refs/heads/main/censo/2010/pop_bas_mor_tot_60_mais_pct.md
92,,ibge_malha_br_setor_censitario_2010,cem_censo_2010_rel,pop_bas_mor_cor_60_mais_neg_pct,pop_bas_mor_tot_60_mais_pct,cem_censo_2010_2022,2010,População e domicílios / 2010 / População por faixa etária,População e domicílios,Pessoas de 60 ou mais anos de idade,População por faixa etária,Pessoas negras,Cor dos residentes,Porcentagem em relação ao total de pessoas residentes,% em relação ao total de pessoas residentes,,Pessoas de 60 ou mais anos de idade - preta ou parda,https://raw.githubusercontent.com/cem-usp/georedus_metodologia/refs/heads/main/censo/2010/pop_bas_mor_tot_60_mais_pct.md
93,,ibge_malha_br_setor_censitario_2010,cem_censo_2010_rel,pop_bas_mor_cor_sex_60_mais_neg_fem_pct,pop_bas_mor_tot_60_mais_pct,cem_censo_2010_2022,2010,População e domicílios / 2010 / População por faixa etária,População e domicílios,Pessoas de 60 ou mais anos de idade,População por faixa etária,Mulheres negras,Cor e sexo dos residentes,Porcentagem em relação ao total de pessoas residentes,% em relação ao total de pessoas residentes,,Pessoas de 60 ou mais anos de idade - preta ou parda e sexo feminino,https://raw.githubusercontent.com/cem-usp/georedus_metodologia/refs/heads/main/censo/2010/pop_bas_mor_tot_60_mais_pct.md
94,,ibge_malha_br_setor_censitario_2010,cem_censo_2010_rel,pop_bas_mor_cor_sex_60_mais_neg_mas_pct,pop_bas_mor_tot_60_mais_pct,cem_censo_2010_2022,2010,População e domicílios / 2010 / População por faixa etária,População e domicílios,Pessoas de 60 ou mais anos de idade,População por faixa etária,Homens negros,Cor e sexo dos residentes,Porcentagem em relação ao total de pessoas residentes,% em relação ao total de pessoas residentes,,Pessoas de 60 ou mais anos de idade - preta ou parda e sexo masculino,https://raw.githubusercontent.com/cem-usp/georedus_metodologia/refs/heads/main/censo/2010/pop_bas_mor_tot_60_mais_pct.md
95,,ibge_malha_br_setor_censitario_2010,cem_censo_2010_rel,pop_ren_mor_ren_sex_10anos_meiosm_mas_pct,pop_ren_mor_tot_10anos_pct,cem_censo_2010_2022,2010,População e domicílios / 2010 / População por faixa etária,População e domicílios,Pessoas de 10 ou mais anos de idade,População por faixa etária,Homens até 1/2 salário mínimo,Renda e sexo dos residentes,Porcentagem em relação ao total de pessoas residentes,% em relação ao total de pessoas residentes,,Homens de 10 anos ou mais de idade com rendimento nominal mensal de até ½ salário mínimo,https://raw.githubusercontent.com/cem-usp/georedus_metodologia/refs/heads/main/censo/2010/pop_ren_mor_tot_10anos_pct.md
96,,ibge_malha_br_setor_censitario_2010,cem_censo_2010_rel,pop_ren_mor_ren_sex_10anos_2sm_mas_pct,pop_ren_mor_tot_10anos_pct,cem_censo_2010_2022,2010,População e domicílios / 2010 / População por faixa etária,População e domicílios,Pessoas de 10 ou mais anos de idade,População por faixa etária,Homens de 1 a 2 salários mínimos,Renda e sexo dos residentes,Porcentagem em relação ao total de pessoas residentes,% em relação ao total de pessoas residentes,,Homens de 10 anos ou mais de idade com rendimento nominal mensal de mais de 1 a 2 salários mínimos,https://raw.githubusercontent.com/cem-usp/georedus_metodologia/refs/heads/main/censo/2010/pop_ren_mor_tot_10anos_pct.md
97,,ibge_malha_br_setor_censitario_2010,cem_censo_2010_rel,pop_ren_mor_ren_sex_10anos_1sm_mas_pct,pop_ren_mor_tot_10anos_pct,cem_censo_2010_2022,2010,População e domicílios / 2010 / População por faixa etária,População e domicílios,Pessoas de 10 ou mais anos de idade,População por faixa etária,Homens de 1/2 a 1 salário mínimo,Renda e sexo dos residentes,Porcentagem em relação ao total de pessoas residentes,% em relação ao total de pessoas residentes,,Homens de 10 anos ou mais de idade com rendimento nominal mensal de mais de ½ a 1 salário mínimo,https://raw.githubusercontent.com/cem-usp/georedus_metodologia/refs/heads/main/censo/2010/pop_ren_mor_tot_10anos_pct.md
98,,ibge_malha_br_setor_censitario_2010,cem_censo_2010_rel,pop_ren_mor_ren_sex_10anos_15sm_mas_pct,pop_ren_mor_tot_10anos_pct,cem_censo_2010_2022,2010,População e domicílios / 2010 / População por faixa etária,População e domicílios,Pessoas de 10 ou mais anos de idade,População por faixa etária,Homens de 10 a 15 salários mínimos,Renda e sexo dos residentes,Porcentagem em relação ao total de pessoas residentes,% em relação ao total de pessoas residentes,,Homens de 10 anos ou mais de idade com rendimento nominal mensal de mais de 10 a 15 salários mínimos,https://raw.githubusercontent.com/cem-usp/georedus_metodologia/refs/heads/main/censo/2010/pop_ren_mor_tot_10anos_pct.md
99,,ibge_malha_br_setor_censitario_2010,cem_censo_2010_rel,pop_ren_mor_ren_sex_10anos_20sm_mas_pct,pop_ren_mor_tot_10anos_pct,cem_censo_2010_2022,2010,População e domicílios / 2010 / População por faixa etária,População e domicílios,Pessoas de 10 ou mais anos de idade,População por faixa etária,Homens de 15 a 20 salários mínimos,Renda e sexo dos residentes,Porcentagem em relação ao total de pessoas residentes,% em relação ao total de pessoas residentes,,Homens de 10 anos ou mais de idade com rendimento nominal mensal de mais de 15 a 20 salários mínimos,https://raw.githubusercontent.com/cem-usp/georedus_metodologia/refs/heads/main/censo/2010/pop_ren_mor_tot_10anos_pct.md
100,,ibge_malha_br_setor_censitario_2010,cem_censo_2010_rel,pop_ren_mor_ren_sex_10anos_3sm_mas_pct,pop_ren_mor_tot_10anos_pct,cem_censo_2010_2022,2010,População e domicílios / 2010 / População por faixa etária,População e domicílios,Pessoas de 10 ou mais anos de idade,População por faixa etária,Homens de 2 a 3 salários mínimos,Renda e sexo dos residentes,Porcentagem em relação ao total de pessoas residentes,% em relação ao total de pessoas residentes,,Homens de 10 anos ou mais de idade com rendimento nominal mensal de mais de 2 a 3 salários mínimos,https://raw.githubusercontent.com/cem-usp/georedus_metodologia/refs/heads/main/censo/2010/pop_ren_mor_tot_10anos_pct.md
101,,ibge_malha_br_setor_censitario_2010,cem_censo_2010_rel,pop_ren_mor_ren_sex_10anos_20msm_mas_pct,pop_ren_mor_tot_10anos_pct,cem_censo_2010_2022,2010,População e domicílios / 2010 / População por faixa etária,População e domicílios,Pessoas de 10 ou mais anos de idade,População por faixa etária,Homens de mais de 20 salários mínimos,Renda e sexo dos residentes,Porcentagem em relação ao total de pessoas residentes,% em relação ao total de pessoas residentes,,Homens de 10 anos ou mais de idade com rendimento nominal mensal de mais de 20 salários mínimos,https://raw.githubusercontent.com/cem-usp/georedus_metodologia/refs/heads/main/censo/2010/pop_ren_mor_tot_10anos_pct.md
102,,ibge_malha_br_setor_censitario_2010,cem_censo_2010_rel,pop_ren_mor_ren_sex_10anos_5sm_mas_pct,pop_ren_mor_tot_10anos_pct,cem_censo_2010_2022,2010,População e domicílios / 2010 / População por faixa etária,População e domicílios,Pessoas de 10 ou mais anos de idade,População por faixa etária,Homens de 3 a 5 salários mínimos,Renda e sexo dos residentes,Porcentagem em relação ao total de pessoas residentes,% em relação ao total de pessoas residentes,,Homens de 10 anos ou mais de idade com rendimento nominal mensal de mais de 3 a 5 salários mínimos,https://raw.githubusercontent.com/cem-usp/georedus_metodologia/refs/heads/main/censo/2010/pop_ren_mor_tot_10anos_pct.md
103,,ibge_malha_br_setor_censitario_2010,cem_censo_2010_rel,pop_ren_mor_ren_sex_10anos_10sm_mas_pct,pop_ren_mor_tot_10anos_pct,cem_censo_2010_2022,2010,População e domicílios / 2010 / População por faixa etária,População e domicílios,Pessoas de 10 ou mais anos de idade,População por faixa etária,Homens de 5 a 10 salários mínimos,Renda e sexo dos residentes,Porcentagem em relação ao total de pessoas residentes,% em relação ao total de pessoas residentes,,Homens de 10 anos ou mais de idade com rendimento nominal mensal de mais de 5 a 10 salários mínimos,https://raw.githubusercontent.com/cem-usp/georedus_metodologia/refs/heads/main/censo/2010/pop_ren_mor_tot_10anos_pct.md
104,,ibge_malha_br_setor_censitario_2010,cem_censo_2010_rel,pop_ren_mor_ren_sex_10anos_0sm_mas_pct,pop_ren_mor_tot_10anos_pct,cem_censo_2010_2022,2010,População e domicílios / 2010 / População por faixa etária,População e domicílios,Pessoas de 10 ou mais anos de idade,População por faixa etária,Homens sem rendimento,Renda e sexo dos residentes,Porcentagem em relação ao total de pessoas residentes,% em relação ao total de pessoas residentes,,Homens de 10 anos ou mais de idade sem rendimento nominal mensal,https://raw.githubusercontent.com/cem-usp/georedus_metodologia/refs/heads/main/censo/2010/pop_ren_mor_tot_10anos_pct.md
105,,ibge_malha_br_setor_censitario_2010,cem_censo_2010_rel,pop_ren_mor_ren_sex_10anos_meiosm_fem_pct,pop_ren_mor_tot_10anos_pct,cem_censo_2010_2022,2010,População e domicílios / 2010 / População por faixa etária,População e domicílios,Pessoas de 10 ou mais anos de idade,População por faixa etária,Mulheres até 1/2 salário mínimo,Renda e sexo dos residentes,Porcentagem em relação ao total de pessoas residentes,% em relação ao total de pessoas residentes,,Mulheres de 10 anos ou mais de idade com rendimento nominal mensal de até ½ salário mínimo,https://raw.githubusercontent.com/cem-usp/georedus_metodologia/refs/heads/main/censo/2010/pop_ren_mor_tot_10anos_pct.md
106,,ibge_malha_br_setor_censitario_2010,cem_censo_2010_rel,pop_ren_mor_ren_sex_10anos_2sm_fem_pct,pop_ren_mor_tot_10anos_pct,cem_censo_2010_2022,2010,População e domicílios / 2010 / População por faixa etária,População e domicílios,Pessoas de 10 ou mais anos de idade,População por faixa etária,Mulheres de 1 a 2 salários mínimos,Renda e sexo dos residentes,Porcentagem em relação ao total de pessoas residentes,% em relação ao total de pessoas residentes,,Mulheres de 10 anos ou mais de idade com rendimento nominal mensal de mais de 1 a 2 salários mínimos,https://raw.githubusercontent.com/cem-usp/georedus_metodologia/refs/heads/main/censo/2010/pop_ren_mor_tot_10anos_pct.md
107,,ibge_malha_br_setor_censitario_2010,cem_censo_2010_rel,pop_ren_mor_ren_sex_10anos_1sm_fem_pct,pop_ren_mor_tot_10anos_pct,cem_censo_2010_2022,2010,População e domicílios / 2010 / População por faixa etária,População e domicílios,Pessoas de 10 ou mais anos de idade,População por faixa etária,Mulheres de 1/2 a 1 salário mínimo,Renda e sexo dos residentes,Porcentagem em relação ao total de pessoas residentes,% em relação ao total de pessoas residentes,,Mulheres de 10 anos ou mais de idade com rendimento nominal mensal de mais de ½ a 1 salário mínimo,https://raw.githubusercontent.com/cem-usp/georedus_metodologia/refs/heads/main/censo/2010/pop_ren_mor_tot_10anos_pct.md
108,,ibge_malha_br_setor_censitario_2010,cem_censo_2010_rel,pop_ren_mor_ren_sex_10anos_15sm_fem_pct,pop_ren_mor_tot_10anos_pct,cem_censo_2010_2022,2010,População e domicílios / 2010 / População por faixa etária,População e domicílios,Pessoas de 10 ou mais anos de idade,População por faixa etária,Mulheres de 10 a 15 salários mínimos,Renda e sexo dos residentes,Porcentagem em relação ao total de pessoas residentes,% em relação ao total de pessoas residentes,,Mulheres de 10 anos ou mais de idade com rendimento nominal mensal de mais de 10 a 15 salários mínimos,https://raw.githubusercontent.com/cem-usp/georedus_metodologia/refs/heads/main/censo/2010/pop_ren_mor_tot_10anos_pct.md
109,,ibge_malha_br_setor_censitario_2010,cem_censo_2010_rel,pop_ren_mor_ren_sex_10anos_20sm_fem_pct,pop_ren_mor_tot_10anos_pct,cem_censo_2010_2022,2010,População e domicílios / 2010 / População por faixa etária,População e domicílios,Pessoas de 10 ou mais anos de idade,População por faixa etária,Mulheres de 15 a 20 salários mínimos,Renda e sexo dos residentes,Porcentagem em relação ao total de pessoas residentes,% em relação ao total de pessoas residentes,,Mulheres de 10 anos ou mais de idade com rendimento nominal mensal de mais de 15 a 20 salários mínimos,https://raw.githubusercontent.com/cem-usp/georedus_metodologia/refs/heads/main/censo/2010/pop_ren_mor_tot_10anos_pct.md
110,,ibge_malha_br_setor_censitario_2010,cem_censo_2010_rel,pop_ren_mor_ren_sex_10anos_3sm_fem_pct,pop_ren_mor_tot_10anos_pct,cem_censo_2010_2022,2010,População e domicílios / 2010 / População por faixa etária,População e domicílios,Pessoas de 10 ou mais anos de idade,População por faixa etária,Mulheres de 2 a 3 salários mínimos,Renda e sexo dos residentes,Porcentagem em relação ao total de pessoas residentes,% em relação ao total de pessoas residentes,,Mulheres de 10 anos ou mais de idade com rendimento nominal mensal de mais de 2 a 3 salários mínimos,https://raw.githubusercontent.com/cem-usp/georedus_metodologia/refs/heads/main/censo/2010/pop_ren_mor_tot_10anos_pct.md
111,,ibge_malha_br_setor_censitario_2010,cem_censo_2010_rel,pop_ren_mor_ren_sex_10anos_20msm_fem_pct,pop_ren_mor_tot_10anos_pct,cem_censo_2010_2022,2010,População e domicílios / 2010 / População por faixa etária,População e domicílios,Pessoas de 10 ou mais anos de idade,População por faixa etária,Mulheres de mais de 20 salários mínimos,Renda e sexo dos residentes,Porcentagem em relação ao total de pessoas residentes,% em relação ao total de pessoas residentes,,Mulheres de 10 anos ou mais de idade com rendimento nominal mensal de mais de 20 salários mínimos,https://raw.githubusercontent.com/cem-usp/georedus_metodologia/refs/heads/main/censo/2010/pop_ren_mor_tot_10anos_pct.md
112,,ibge_malha_br_setor_censitario_2010,cem_censo_2010_rel,pop_ren_mor_ren_sex_10anos_5sm_fem_pct,pop_ren_mor_tot_10anos_pct,cem_censo_2010_2022,2010,População e domicílios / 2010 / População por faixa etária,População e domicílios,Pessoas de 10 ou mais anos de idade,População por faixa etária,Mulheres de 3 a 5 salários mínimos,Renda e sexo dos residentes,Porcentagem em relação ao total de pessoas residentes,% em relação ao total de pessoas residentes,,Mulheres de 10 anos ou mais de idade com rendimento nominal mensal de mais de 3 a 5 salários mínimos,https://raw.githubusercontent.com/cem-usp/georedus_metodologia/refs/heads/main/censo/2010/pop_ren_mor_tot_10anos_pct.md
113,,ibge_malha_br_setor_censitario_2010,cem_censo_2010_rel,pop_ren_mor_ren_sex_10anos_10sm_fem_pct,pop_ren_mor_tot_10anos_pct,cem_censo_2010_2022,2010,População e domicílios / 2010 / População por faixa etária,População e domicílios,Pessoas de 10 ou mais anos de idade,População por faixa etária,Mulheres de 5 a 10 salários mínimos,Renda e sexo dos residentes,Porcentagem em relação ao total de pessoas residentes,% em relação ao total de pessoas residentes,,Mulheres de 10 anos ou mais de idade com rendimento nominal mensal de mais de 5 a 10 salários mínimos,https://raw.githubusercontent.com/cem-usp/georedus_metodologia/refs/heads/main/censo/2010/pop_ren_mor_tot_10anos_pct.md
114,,ibge_malha_br_setor_censitario_2010,cem_censo_2010_rel,pop_ren_mor_ren_sex_10anos_0sm_fem_pct,pop_ren_mor_tot_10anos_pct,cem_censo_2010_2022,2010,População e domicílios / 2010 / População por faixa etária,População e domicílios,Pessoas de 10 ou mais anos de idade,População por faixa etária,Mulheres sem rendimento,Renda e sexo dos residentes,Porcentagem em relação ao total de pessoas residentes,% em relação ao total de pessoas residentes,,Mulheres de 10 anos ou mais de idade sem rendimento nominal mensal,https://raw.githubusercontent.com/cem-usp/georedus_metodologia/refs/heads/main/censo/2010/pop_ren_mor_tot_10anos_pct.md
115,,ibge_malha_br_setor_censitario_2010,cem_censo_2010_rel,pop_ren_mor_tot_10anos_pct,pop_ren_mor_tot_10anos_pct,cem_censo_2010_2022,2010,População e domicílios / 2010 / População por faixa etária,População e domicílios,Pessoas de 10 ou mais anos de idade,População por faixa etária,Total de residentes,Total,Porcentagem em relação ao total de pessoas residentes,% em relação ao total de pessoas residentes,sim,Pessoas de 10 anos ou mais de idade,https://raw.githubusercontent.com/cem-usp/georedus_metodologia/refs/heads/main/censo/2010/pop_ren_mor_tot_10anos_pct.md
116,,ibge_malha_br_setor_censitario_2010,cem_censo_2010_rel,pop_ren_mor_ren_10anos_meiosm_pct,pop_ren_mor_tot_10anos_pct,cem_censo_2010_2022,2010,População e domicílios / 2010 / População por faixa etária,População e domicílios,Pessoas de 10 ou mais anos de idade,População por faixa etária,Até 1/2 salário mínimo,Renda dos residentes,Porcentagem em relação ao total de pessoas com 10 ou mais anos de idade,% em relação ao total de pessoas com 10 ou mais anos de idade,,Pessoas de 10 anos ou mais de idade com rendimento nominal mensal de até ½ salário mínimo,https://raw.githubusercontent.com/cem-usp/georedus_metodologia/refs/heads/main/censo/2010/pop_ren_mor_tot_10anos_pct.md
117,,ibge_malha_br_setor_censitario_2010,cem_censo_2010_rel,pop_ren_mor_ren_10anos_2sm_pct,pop_ren_mor_tot_10anos_pct,cem_censo_2010_2022,2010,População e domicílios / 2010 / População por faixa etária,População e domicílios,Pessoas de 10 ou mais anos de idade,População por faixa etária,1 a 2 salários mínimos,Renda dos residentes,Porcentagem em relação ao total de pessoas com 10 ou mais anos de idade,% em relação ao total de pessoas com 10 ou mais anos de idade,,Pessoas de 10 anos ou mais de idade com rendimento nominal mensal de mais de 1 a 2 salários mínimos,https://raw.githubusercontent.com/cem-usp/georedus_metodologia/refs/heads/main/censo/2010/pop_ren_mor_tot_10anos_pct.md
118,,ibge_malha_br_setor_censitario_2010,cem_censo_2010_rel,pop_ren_mor_ren_10anos_1sm_pct,pop_ren_mor_tot_10anos_pct,cem_censo_2010_2022,2010,População e domicílios / 2010 / População por faixa etária,População e domicílios,Pessoas de 10 ou mais anos de idade,População por faixa etária,1/2 a 1 salário mínimo,Renda dos residentes,Porcentagem em relação ao total de pessoas com 10 ou mais anos de idade,% em relação ao total de pessoas com 10 ou mais anos de idade,,Pessoas de 10 anos ou mais de idade com rendimento nominal mensal de mais de ½ a 1 salário mínimo,https://raw.githubusercontent.com/cem-usp/georedus_metodologia/refs/heads/main/censo/2010/pop_ren_mor_tot_10anos_pct.md
119,,ibge_malha_br_setor_censitario_2010,cem_censo_2010_rel,pop_ren_mor_ren_10anos_15sm_pct,pop_ren_mor_tot_10anos_pct,cem_censo_2010_2022,2010,População e domicílios / 2010 / População por faixa etária,População e domicílios,Pessoas de 10 ou mais anos de idade,População por faixa etária,10 a 15 salários mínimos,Renda dos residentes,Porcentagem em relação ao total de pessoas com 10 ou mais anos de idade,% em relação ao total de pessoas com 10 ou mais anos de idade,,Pessoas de 10 anos ou mais de idade com rendimento nominal mensal de mais de 10 a 15 salários mínimos,https://raw.githubusercontent.com/cem-usp/georedus_metodologia/refs/heads/main/censo/2010/pop_ren_mor_tot_10anos_pct.md
120,,ibge_malha_br_setor_censitario_2010,cem_censo_2010_rel,pop_ren_mor_ren_10anos_20sm_pct,pop_ren_mor_tot_10anos_pct,cem_censo_2010_2022,2010,População e domicílios / 2010 / População por faixa etária,População e domicílios,Pessoas de 10 ou mais anos de idade,População por faixa etária,15 a 20 salários mínimos,Renda dos residentes,Porcentagem em relação ao total de pessoas com 10 ou mais anos de idade,% em relação ao total de pessoas com 10 ou mais anos de idade,,Pessoas de 10 anos ou mais de idade com rendimento nominal mensal de mais de 15 a 20 salários mínimos,https://raw.githubusercontent.com/cem-usp/georedus_metodologia/refs/heads/main/censo/2010/pop_ren_mor_tot_10anos_pct.md
121,,ibge_malha_br_setor_censitario_2010,cem_censo_2010_rel,pop_ren_mor_ren_10anos_3sm_pct,pop_ren_mor_tot_10anos_pct,cem_censo_2010_2022,2010,População e domicílios / 2010 / População por faixa etária,População e domicílios,Pessoas de 10 ou mais anos de idade,População por faixa etária,2 a 3 salários mínimos,Renda dos residentes,Porcentagem em relação ao total de pessoas com 10 ou mais anos de idade,% em relação ao total de pessoas com 10 ou mais anos de idade,,Pessoas de 10 anos ou mais de idade com rendimento nominal mensal de mais de 2 a 3 salários mínimos,https://raw.githubusercontent.com/cem-usp/georedus_metodologia/refs/heads/main/censo/2010/pop_ren_mor_tot_10anos_pct.md
122,,ibge_malha_br_setor_censitario_2010,cem_censo_2010_rel,pop_ren_mor_ren_10anos_20msm_pct,pop_ren_mor_tot_10anos_pct,cem_censo_2010_2022,2010,População e domicílios / 2010 / População por faixa etária,População e domicílios,Pessoas de 10 ou mais anos de idade,População por faixa etária,Mais de 20 salários mínimos,Renda dos residentes,Porcentagem em relação ao total de pessoas com 10 ou mais anos de idade,% em relação ao total de pessoas com 10 ou mais anos de idade,,Pessoas de 10 anos ou mais de idade com rendimento nominal mensal de mais de 20 salários mínimos,https://raw.githubusercontent.com/cem-usp/georedus_metodologia/refs/heads/main/censo/2010/pop_ren_mor_tot_10anos_pct.md
123,,ibge_malha_br_setor_censitario_2010,cem_censo_2010_rel,pop_ren_mor_ren_10anos_5sm_pct,pop_ren_mor_tot_10anos_pct,cem_censo_2010_2022,2010,População e domicílios / 2010 / População por faixa etária,População e domicílios,Pessoas de 10 ou mais anos de idade,População por faixa etária,3 a 5 salários mínimos,Renda dos residentes,Porcentagem em relação ao total de pessoas com 10 ou mais anos de idade,% em relação ao total de pessoas com 10 ou mais anos de idade,,Pessoas de 10 anos ou mais de idade com rendimento nominal mensal de mais de 3 a 5 salários mínimos,https://raw.githubusercontent.com/cem-usp/georedus_metodologia/refs/heads/main/censo/2010/pop_ren_mor_tot_10anos_pct.md
124,,ibge_malha_br_setor_censitario_2010,cem_censo_2010_rel,pop_ren_mor_ren_10anos_10sm_pct,pop_ren_mor_tot_10anos_pct,cem_censo_2010_2022,2010,População e domicílios / 2010 / População por faixa etária,População e domicílios,Pessoas de 10 ou mais anos de idade,População por faixa etária,5 a 10 salários mínimos,Renda dos residentes,Porcentagem em relação ao total de pessoas com 10 ou mais anos de idade,% em relação ao total de pessoas com 10 ou mais anos de idade,,Pessoas de 10 anos ou mais de idade com rendimento nominal mensal de mais de 5 a 10 salários mínimos,https://raw.githubusercontent.com/cem-usp/georedus_metodologia/refs/heads/main/censo/2010/pop_ren_mor_tot_10anos_pct.md
125,,ibge_malha_br_setor_censitario_2010,cem_censo_2010_rel,pop_ren_mor_ren_10anos_0sm_pct,pop_ren_mor_tot_10anos_pct,cem_censo_2010_2022,2010,População e domicílios / 2010 / População por faixa etária,População e domicílios,Pessoas de 10 ou mais anos de idade,População por faixa etária,Sem rendimento,Renda dos residentes,Porcentagem em relação ao total de pessoas com 10 ou mais anos de idade,% em relação ao total de pessoas com 10 ou mais anos de idade,,Pessoas de 10 anos ou mais de idade sem rendimento nominal mensal,https://raw.githubusercontent.com/cem-usp/georedus_metodologia/refs/heads/main/censo/2010/pop_ren_mor_tot_10anos_pct.md
126,,ibge_malha_br_setor_censitario_2010,cem_censo_2010_rel,pop_bas_mor_sex_mas_pct,pes_100m2,cem_censo_2010_2022,2010,População e domicílios / 2010 / População e responsáveis,População e domicílios,Pessoas residentes,População e responsáveis,Homens,Sexo dos residentes,Porcentagem em relação ao total de pessoas residentes,% em relação ao total de pessoas residentes,,Homens residentes em domicílios particulares e domicílios coletivos,https://raw.githubusercontent.com/cem-usp/georedus_metodologia/refs/heads/main/censo/2010/pes_100m2.md
127,,ibge_malha_br_setor_censitario_2010,cem_censo_2010_rel,pop_bas_mor_sex_fem_pct,pes_100m2,cem_censo_2010_2022,2010,População e domicílios / 2010 / População e responsáveis,População e domicílios,Pessoas residentes,População e responsáveis,Mulheres,Sexo dos residentes,Porcentagem em relação ao total de pessoas residentes,% em relação ao total de pessoas residentes,,Mulheres em domicílios particulares e domicílios coletivos,https://raw.githubusercontent.com/cem-usp/georedus_metodologia/refs/heads/main/censo/2010/pes_100m2.md
128,,ibge_malha_br_setor_censitario_2010,cem_censo_2010_abs,pes_100m2,pes_100m2,cem_censo_2010_2022,2010,População e domicílios / 2010 / População e responsáveis,População e domicílios,Pessoas residentes,População e responsáveis,Total de residentes,Total,Número de pessoas residentes,Pessoas residentes por 100m²,sim,Pessoas Residentes,https://raw.githubusercontent.com/cem-usp/georedus_metodologia/refs/heads/main/censo/2010/pes_100m2.md
129,,ibge_malha_br_setor_censitario_2010,cem_censo_2010_rel,pop_bas_mor_cor_ama_pct,pes_100m2,cem_censo_2010_2022,2010,População e domicílios / 2010 / População e responsáveis,População e domicílios,Pessoas residentes,População e responsáveis,Pessoas amarelas,Cor dos residentes,Porcentagem em relação ao total de pessoas residentes,% em relação ao total de pessoas residentes,,Pessoas Residentes e cor ou raça - amarela,https://raw.githubusercontent.com/cem-usp/georedus_metodologia/refs/heads/main/censo/2010/pes_100m2.md
130,,ibge_malha_br_setor_censitario_2010,cem_censo_2010_rel,pop_bas_mor_cor_bra_pct,pes_100m2,cem_censo_2010_2022,2010,População e domicílios / 2010 / População e responsáveis,População e domicílios,Pessoas residentes,População e responsáveis,Pessoas brancas,Cor dos residentes,Porcentagem em relação ao total de pessoas residentes,% em relação ao total de pessoas residentes,,Pessoas Residentes e cor ou raça - branca,https://raw.githubusercontent.com/cem-usp/georedus_metodologia/refs/heads/main/censo/2010/pes_100m2.md
131,,ibge_malha_br_setor_censitario_2010,cem_censo_2010_rel,pop_bas_mor_cor_ind_pct,pes_100m2,cem_censo_2010_2022,2010,População e domicílios / 2010 / População e responsáveis,População e domicílios,Pessoas residentes,População e responsáveis,Pessoas indígenas,Cor dos residentes,Porcentagem em relação ao total de pessoas residentes,% em relação ao total de pessoas residentes,,Pessoas Residentes e cor ou raça - indígena,https://raw.githubusercontent.com/cem-usp/georedus_metodologia/refs/heads/main/censo/2010/pes_100m2.md
132,,ibge_malha_br_setor_censitario_2010,cem_censo_2010_rel,pop_bas_mor_cor_neg_pct,pes_100m2,cem_censo_2010_2022,2010,População e domicílios / 2010 / População e responsáveis,População e domicílios,Pessoas residentes,População e responsáveis,Pessoas negras,Cor dos residentes,Porcentagem em relação ao total de pessoas residentes,% em relação ao total de pessoas residentes,,Pessoas Residentes e cor ou raça - preta ou parda,https://raw.githubusercontent.com/cem-usp/georedus_metodologia/refs/heads/main/censo/2010/pes_100m2.md
133,,ibge_malha_br_setor_censitario_2010,cem_censo_2010_rel,pop_bas_mor_cor_sex_neg_fem_pct,pes_100m2,cem_censo_2010_2022,2010,População e domicílios / 2010 / População e responsáveis,População e domicílios,Pessoas residentes,População e responsáveis,Mulheres amarelas,Cor e sexo dos residentes,Porcentagem em relação ao total de pessoas residentes,% em relação ao total de pessoas residentes,,"Pessoas Residentes, do sexo feminino e cor ou raça - amarela",https://raw.githubusercontent.com/cem-usp/georedus_metodologia/refs/heads/main/censo/2010/pes_100m2.md
134,,ibge_malha_br_setor_censitario_2010,cem_censo_2010_rel,pop_bas_mor_cor_sex_bra_fem_pct,pes_100m2,cem_censo_2010_2022,2010,População e domicílios / 2010 / População e responsáveis,População e domicílios,Pessoas residentes,População e responsáveis,Mulheres brancas,Cor e sexo dos residentes,Porcentagem em relação ao total de pessoas residentes,% em relação ao total de pessoas residentes,,"Pessoas Residentes, do sexo feminino e cor ou raça - branca",https://raw.githubusercontent.com/cem-usp/georedus_metodologia/refs/heads/main/censo/2010/pes_100m2.md
135,,ibge_malha_br_setor_censitario_2010,cem_censo_2010_rel,pop_bas_mor_cor_sex_ama_fem_pct,pes_100m2,cem_censo_2010_2022,2010,População e domicílios / 2010 / População e responsáveis,População e domicílios,Pessoas residentes,População e responsáveis,Mulheres indígenas,Cor e sexo dos residentes,Porcentagem em relação ao total de pessoas residentes,% em relação ao total de pessoas residentes,,"Pessoas Residentes, do sexo feminino e cor ou raça - indígena",https://raw.githubusercontent.com/cem-usp/georedus_metodologia/refs/heads/main/censo/2010/pes_100m2.md
136,,ibge_malha_br_setor_censitario_2010,cem_censo_2010_rel,pop_bas_mor_cor_sex_ind_mas_pct,pes_100m2,cem_censo_2010_2022,2010,População e domicílios / 2010 / População e responsáveis,População e domicílios,Pessoas residentes,População e responsáveis,Mulheres negras,Cor e sexo dos residentes,Porcentagem em relação ao total de pessoas residentes,% em relação ao total de pessoas residentes,,"Pessoas Residentes, do sexo feminino e cor ou raça - preta ou parda",https://raw.githubusercontent.com/cem-usp/georedus_metodologia/refs/heads/main/censo/2010/pes_100m2.md
137,,ibge_malha_br_setor_censitario_2010,cem_censo_2010_rel,pop_bas_mor_cor_sex_neg_mas_pct,pes_100m2,cem_censo_2010_2022,2010,População e domicílios / 2010 / População e responsáveis,População e domicílios,Pessoas residentes,População e responsáveis,Homens amarelos,Cor e sexo dos residentes,Porcentagem em relação ao total de pessoas residentes,% em relação ao total de pessoas residentes,,"Pessoas Residentes, do sexo masculino e cor ou raça - amarela",https://raw.githubusercontent.com/cem-usp/georedus_metodologia/refs/heads/main/censo/2010/pes_100m2.md
138,,ibge_malha_br_setor_censitario_2010,cem_censo_2010_rel,pop_bas_mor_cor_sex_bra_mas_pct,pes_100m2,cem_censo_2010_2022,2010,População e domicílios / 2010 / População e responsáveis,População e domicílios,Pessoas residentes,População e responsáveis,Homens brancos,Cor e sexo dos residentes,Porcentagem em relação ao total de pessoas residentes,% em relação ao total de pessoas residentes,,"Pessoas Residentes, do sexo masculino e cor ou raça - branca",https://raw.githubusercontent.com/cem-usp/georedus_metodologia/refs/heads/main/censo/2010/pes_100m2.md
139,,ibge_malha_br_setor_censitario_2010,cem_censo_2010_rel,pop_bas_mor_cor_sex_ama_mas_pct,pes_100m2,cem_censo_2010_2022,2010,População e domicílios / 2010 / População e responsáveis,População e domicílios,Pessoas residentes,População e responsáveis,Homens indígenas,Cor e sexo dos residentes,Porcentagem em relação ao total de pessoas residentes,% em relação ao total de pessoas residentes,,"Pessoas Residentes, do sexo masculino e cor ou raça - indígena",https://raw.githubusercontent.com/cem-usp/georedus_metodologia/refs/heads/main/censo/2010/pes_100m2.md
140,,ibge_malha_br_setor_censitario_2010,cem_censo_2010_rel,pop_bas_mor_cor_sex_ind_mas_pct,pes_100m2,cem_censo_2010_2022,2010,População e domicílios / 2010 / População e responsáveis,População e domicílios,Pessoas residentes,População e responsáveis,Mulheres negras,Cor e sexo dos residentes,Porcentagem em relação ao total de pessoas residentes,% em relação ao total de pessoas residentes,,"Pessoas Residentes, do sexo masculino e cor ou raça - preta ou parda",https://raw.githubusercontent.com/cem-usp/georedus_metodologia/refs/heads/main/censo/2010/pes_100m2.md
141,,ibge_malha_br_setor_censitario_2010,cem_censo_2010_abs,res_100m2,res_100m2,cem_censo_2010_2022,2010,População e domicílios / 2010 / População e responsáveis,População e domicílios,Pessoas responsáveis,População e responsáveis,Total de responsáveis,Total,Número de pessoas residentes,Número de pessoas residentes,sim,Pessoas Responsáveis,https://raw.githubusercontent.com/cem-usp/georedus_metodologia/refs/heads/main/censo/2010/res_100m2.md
142,,ibge_malha_br_setor_censitario_2010,cem_censo_2010_rel,pop_ren_mor_ren_res_meiosm_pct,res_100m2,cem_censo_2010_2022,2010,População e domicílios / 2010 / População e responsáveis,População e domicílios,Pessoas responsáveis,População e responsáveis,Até 1/2 salário mínimo,Renda dos responsáveis,Porcentagem em relação ao total de pessoas responsáveis,% em relação ao total de pessoas responsáveis,,Pessoas responsáveis com rendimento nominal mensal de até 1/2 salário mínimo,https://raw.githubusercontent.com/cem-usp/georedus_metodologia/refs/heads/main/censo/2010/res_100m2.md
143,,ibge_malha_br_setor_censitario_2010,cem_censo_2010_rel,pop_ren_mor_ren_sex_res_meiosm_fem_pct,res_100m2,cem_censo_2010_2022,2010,População e domicílios / 2010 / População e responsáveis,População e domicílios,Pessoas responsáveis,População e responsáveis,Mulheres até 1/2 salário mínimo,Renda e sexo dos responsáveis,Porcentagem em relação ao total de pessoas responsáveis,% em relação ao total de pessoas responsáveis,,"Pessoas responsáveis com rendimento nominal mensal de até ½ salário mínimo, do sexo feminino",https://raw.githubusercontent.com/cem-usp/georedus_metodologia/refs/heads/main/censo/2010/res_100m2.md
144,,ibge_malha_br_setor_censitario_2010,cem_censo_2010_rel,pop_ren_mor_ren_sex_res_meiosm_mas_pct,res_100m2,cem_censo_2010_2022,2010,População e domicílios / 2010 / População e responsáveis,População e domicílios,Pessoas responsáveis,População e responsáveis,Homens até 1/2 salário mínimo,Renda e sexo dos responsáveis,Porcentagem em relação ao total de pessoas responsáveis,% em relação ao total de pessoas responsáveis,,"Pessoas responsáveis com rendimento nominal mensal de até ½ salário mínimo, do sexo masculino",https://raw.githubusercontent.com/cem-usp/georedus_metodologia/refs/heads/main/censo/2010/res_100m2.md
145,,ibge_malha_br_setor_censitario_2010,cem_censo_2010_rel,pop_ren_mor_ren_res_2sm_pct,res_100m2,cem_censo_2010_2022,2010,População e domicílios / 2010 / População e responsáveis,População e domicílios,Pessoas responsáveis,População e responsáveis,1 a 2 salários mínimos,Renda dos responsáveis,Porcentagem em relação ao total de pessoas responsáveis,% em relação ao total de pessoas responsáveis,,Pessoas responsáveis com rendimento nominal mensal de mais de 1 a 2 salários mínimos,https://raw.githubusercontent.com/cem-usp/georedus_metodologia/refs/heads/main/censo/2010/res_100m2.md
146,,ibge_malha_br_setor_censitario_2010,cem_censo_2010_rel,pop_ren_mor_ren_sex_res_2sm_fem_pct,res_100m2,cem_censo_2010_2022,2010,População e domicílios / 2010 / População e responsáveis,População e domicílios,Pessoas responsáveis,População e responsáveis,Mulheres de 1 a 2 salários mínimos,Renda e sexo dos responsáveis,Porcentagem em relação ao total de pessoas responsáveis,% em relação ao total de pessoas responsáveis,,"Pessoas responsáveis com rendimento nominal mensal de mais de 1 a 2 salários mínimos, do sexo feminino",https://raw.githubusercontent.com/cem-usp/georedus_metodologia/refs/heads/main/censo/2010/res_100m2.md
147,,ibge_malha_br_setor_censitario_2010,cem_censo_2010_rel,pop_ren_mor_ren_sex_res_2sm_mas_pct,res_100m2,cem_censo_2010_2022,2010,População e domicílios / 2010 / População e responsáveis,População e domicílios,Pessoas responsáveis,População e responsáveis,Homens de 1 a 2 salários mínimos,Renda e sexo dos responsáveis,Porcentagem em relação ao total de pessoas responsáveis,% em relação ao total de pessoas responsáveis,,"Pessoas responsáveis com rendimento nominal mensal de mais de 1 a 2 salários mínimos, do sexo masculino",https://raw.githubusercontent.com/cem-usp/georedus_metodologia/refs/heads/main/censo/2010/res_100m2.md
148,,ibge_malha_br_setor_censitario_2010,cem_censo_2010_rel,pop_ren_mor_ren_res_1sm_pct,res_100m2,cem_censo_2010_2022,2010,População e domicílios / 2010 / População e responsáveis,População e domicílios,Pessoas responsáveis,População e responsáveis,1/2 a 1 salário mínimo,Renda dos responsáveis,Porcentagem em relação ao total de pessoas responsáveis,% em relação ao total de pessoas responsáveis,,Pessoas responsáveis com rendimento nominal mensal de mais de 1/2 a 1 salário mínimo,https://raw.githubusercontent.com/cem-usp/georedus_metodologia/refs/heads/main/censo/2010/res_100m2.md
149,,ibge_malha_br_setor_censitario_2010,cem_censo_2010_rel,pop_ren_mor_ren_sex_res_1sm_fem_pct,res_100m2,cem_censo_2010_2022,2010,População e domicílios / 2010 / População e responsáveis,População e domicílios,Pessoas responsáveis,População e responsáveis,Mulheres de 1/2 a 1 salário mínimo,Renda e sexo dos responsáveis,Porcentagem em relação ao total de pessoas responsáveis,% em relação ao total de pessoas responsáveis,,"Pessoas responsáveis com rendimento nominal mensal de mais de 1/2 a 1 salário mínimo, do sexo feminino",https://raw.githubusercontent.com/cem-usp/georedus_metodologia/refs/heads/main/censo/2010/res_100m2.md
150,,ibge_malha_br_setor_censitario_2010,cem_censo_2010_rel,pop_ren_mor_ren_sex_res_1sm_mas_pct,res_100m2,cem_censo_2010_2022,2010,População e domicílios / 2010 / População e responsáveis,População e domicílios,Pessoas responsáveis,População e responsáveis,Homens de 1/2 a 1 salário mínimo,Renda e sexo dos responsáveis,Porcentagem em relação ao total de pessoas responsáveis,% em relação ao total de pessoas responsáveis,,"Pessoas responsáveis com rendimento nominal mensal de mais de 1/2 a 1 salário mínimo, do sexo masculino",https://raw.githubusercontent.com/cem-usp/georedus_metodologia/refs/heads/main/censo/2010/res_100m2.md
151,,ibge_malha_br_setor_censitario_2010,cem_censo_2010_rel,pop_ren_mor_ren_res_15sm_pct,res_100m2,cem_censo_2010_2022,2010,População e domicílios / 2010 / População e responsáveis,População e domicílios,Pessoas responsáveis,População e responsáveis,10 a 15 salários mínimos,Renda dos responsáveis,Porcentagem em relação ao total de pessoas responsáveis,% em relação ao total de pessoas responsáveis,,Pessoas responsáveis com rendimento nominal mensal de mais de 10 a 15 salários mínimos,https://raw.githubusercontent.com/cem-usp/georedus_metodologia/refs/heads/main/censo/2010/res_100m2.md
152,,ibge_malha_br_setor_censitario_2010,cem_censo_2010_rel,pop_ren_mor_ren_sex_res_15sm_fem_pct,res_100m2,cem_censo_2010_2022,2010,População e domicílios / 2010 / População e responsáveis,População e domicílios,Pessoas responsáveis,População e responsáveis,Mulheres de 10 a 15 salários mínimos,Renda e sexo dos responsáveis,Porcentagem em relação ao total de pessoas responsáveis,% em relação ao total de pessoas responsáveis,,"Pessoas responsáveis com rendimento nominal mensal de mais de 10 a 15 salários mínimos, do sexo feminino",https://raw.githubusercontent.com/cem-usp/georedus_metodologia/refs/heads/main/censo/2010/res_100m2.md
153,,ibge_malha_br_setor_censitario_2010,cem_censo_2010_rel,pop_ren_mor_ren_sex_res_15sm_mas_pct,res_100m2,cem_censo_2010_2022,2010,População e domicílios / 2010 / População e responsáveis,População e domicílios,Pessoas responsáveis,População e responsáveis,Homens de 10 a 15 salários mínimos,Renda e sexo dos responsáveis,Porcentagem em relação ao total de pessoas responsáveis,% em relação ao total de pessoas responsáveis,,"Pessoas responsáveis com rendimento nominal mensal de mais de 10 a 15 salários mínimos, do sexo masculino",https://raw.githubusercontent.com/cem-usp/georedus_metodologia/refs/heads/main/censo/2010/res_100m2.md
154,,ibge_malha_br_setor_censitario_2010,cem_censo_2010_rel,pop_ren_mor_ren_res_20sm_pct,res_100m2,cem_censo_2010_2022,2010,População e domicílios / 2010 / População e responsáveis,População e domicílios,Pessoas responsáveis,População e responsáveis,15 a 20 salários mínimos,Renda dos responsáveis,Porcentagem em relação ao total de pessoas responsáveis,% em relação ao total de pessoas responsáveis,,Pessoas responsáveis com rendimento nominal mensal de mais de 15 a 20 salários mínimos,https://raw.githubusercontent.com/cem-usp/georedus_metodologia/refs/heads/main/censo/2010/res_100m2.md
155,,ibge_malha_br_setor_censitario_2010,cem_censo_2010_rel,pop_ren_mor_ren_sex_res_20sm_fem_pct,res_100m2,cem_censo_2010_2022,2010,População e domicílios / 2010 / População e responsáveis,População e domicílios,Pessoas responsáveis,População e responsáveis,Mulheres de 15 a 20 salários mínimos,Renda e sexo dos responsáveis,Porcentagem em relação ao total de pessoas responsáveis,% em relação ao total de pessoas responsáveis,,"Pessoas responsáveis com rendimento nominal mensal de mais de 15 a 20 salários mínimos, do sexo feminino",https://raw.githubusercontent.com/cem-usp/georedus_metodologia/refs/heads/main/censo/2010/res_100m2.md
156,,ibge_malha_br_setor_censitario_2010,cem_censo_2010_rel,pop_ren_mor_ren_sex_res_20sm_mas_pct,res_100m2,cem_censo_2010_2022,2010,População e domicílios / 2010 / População e responsáveis,População e domicílios,Pessoas responsáveis,População e responsáveis,Homens de 15 a 20 salários mínimos,Renda e sexo dos responsáveis,Porcentagem em relação ao total de pessoas responsáveis,% em relação ao total de pessoas responsáveis,,"Pessoas responsáveis com rendimento nominal mensal de mais de 15 a 20 salários mínimos, do sexo masculino",https://raw.githubusercontent.com/cem-usp/georedus_metodologia/refs/heads/main/censo/2010/res_100m2.md
157,,ibge_malha_br_setor_censitario_2010,cem_censo_2010_rel,pop_ren_mor_ren_res_3sm_pct,res_100m2,cem_censo_2010_2022,2010,População e domicílios / 2010 / População e responsáveis,População e domicílios,Pessoas responsáveis,População e responsáveis,2 a 3 salários mínimos,Renda dos responsáveis,Porcentagem em relação ao total de pessoas responsáveis,% em relação ao total de pessoas responsáveis,,Pessoas responsáveis com rendimento nominal mensal de mais de 2 a 3 salários mínimos,https://raw.githubusercontent.com/cem-usp/georedus_metodologia/refs/heads/main/censo/2010/res_100m2.md
158,,ibge_malha_br_setor_censitario_2010,cem_censo_2010_rel,pop_ren_mor_ren_sex_res_3sm_fem_pct,res_100m2,cem_censo_2010_2022,2010,População e domicílios / 2010 / População e responsáveis,População e domicílios,Pessoas responsáveis,População e responsáveis,Mulheres de 2 a 3 salários mínimos,Renda e sexo dos responsáveis,Porcentagem em relação ao total de pessoas responsáveis,% em relação ao total de pessoas responsáveis,,"Pessoas responsáveis com rendimento nominal mensal de mais de 2 a 3 salários mínimos, do sexo feminino",https://raw.githubusercontent.com/cem-usp/georedus_metodologia/refs/heads/main/censo/2010/res_100m2.md
159,,ibge_malha_br_setor_censitario_2010,cem_censo_2010_rel,pop_ren_mor_ren_sex_res_3sm_mas_pct,res_100m2,cem_censo_2010_2022,2010,População e domicílios / 2010 / População e responsáveis,População e domicílios,Pessoas responsáveis,População e responsáveis,Homens de 2 a 3 salários mínimos,Renda e sexo dos responsáveis,Porcentagem em relação ao total de pessoas responsáveis,% em relação ao total de pessoas responsáveis,,"Pessoas responsáveis com rendimento nominal mensal de mais de 2 a 3 salários mínimos, do sexo masculino",https://raw.githubusercontent.com/cem-usp/georedus_metodologia/refs/heads/main/censo/2010/res_100m2.md
160,,ibge_malha_br_setor_censitario_2010,cem_censo_2010_rel,pop_ren_mor_ren_res_20msm_pct,res_100m2,cem_censo_2010_2022,2010,População e domicílios / 2010 / População e responsáveis,População e domicílios,Pessoas responsáveis,População e responsáveis,Mais de 20 salários mínimos,Renda dos responsáveis,Porcentagem em relação ao total de pessoas responsáveis,% em relação ao total de pessoas responsáveis,,Pessoas responsáveis com rendimento nominal mensal de mais de 20 salários mínimos,https://raw.githubusercontent.com/cem-usp/georedus_metodologia/refs/heads/main/censo/2010/res_100m2.md
161,,ibge_malha_br_setor_censitario_2010,cem_censo_2010_rel,pop_ren_mor_ren_sex_res_20msm_fem_pct,res_100m2,cem_censo_2010_2022,2010,População e domicílios / 2010 / População e responsáveis,População e domicílios,Pessoas responsáveis,População e responsáveis,Mulheres de mais de 20 salários mínimos,Renda e sexo dos responsáveis,Porcentagem em relação ao total de pessoas responsáveis,% em relação ao total de pessoas responsáveis,,"Pessoas responsáveis com rendimento nominal mensal de mais de 20 salários mínimos, do sexo feminino",https://raw.githubusercontent.com/cem-usp/georedus_metodologia/refs/heads/main/censo/2010/res_100m2.md
162,,ibge_malha_br_setor_censitario_2010,cem_censo_2010_rel,pop_ren_mor_ren_sex_res_20msm_mas_pct,res_100m2,cem_censo_2010_2022,2010,População e domicílios / 2010 / População e responsáveis,População e domicílios,Pessoas responsáveis,População e responsáveis,Homens de mais de 20 salários mínimos,Renda e sexo dos responsáveis,Porcentagem em relação ao total de pessoas responsáveis,% em relação ao total de pessoas responsáveis,,"Pessoas responsáveis com rendimento nominal mensal de mais de 20 salários mínimos, do sexo masculino",https://raw.githubusercontent.com/cem-usp/georedus_metodologia/refs/heads/main/censo/2010/res_100m2.md
163,,ibge_malha_br_setor_censitario_2010,cem_censo_2010_rel,pop_ren_mor_ren_res_5sm_pct,res_100m2,cem_censo_2010_2022,2010,População e domicílios / 2010 / População e responsáveis,População e domicílios,Pessoas responsáveis,População e responsáveis,3 a 5 salários mínimos,Renda dos responsáveis,Porcentagem em relação ao total de pessoas responsáveis,% em relação ao total de pessoas responsáveis,,Pessoas responsáveis com rendimento nominal mensal de mais de 3 a 5 salários mínimos,https://raw.githubusercontent.com/cem-usp/georedus_metodologia/refs/heads/main/censo/2010/res_100m2.md
164,,ibge_malha_br_setor_censitario_2010,cem_censo_2010_rel,pop_ren_mor_ren_sex_res_5sm_fem_pct,res_100m2,cem_censo_2010_2022,2010,População e domicílios / 2010 / População e responsáveis,População e domicílios,Pessoas responsáveis,População e responsáveis,Mulheres de 3 a 5 salários mínimos,Renda e sexo dos responsáveis,Porcentagem em relação ao total de pessoas responsáveis,% em relação ao total de pessoas responsáveis,,"Pessoas responsáveis com rendimento nominal mensal de mais de 3 a 5 salários mínimos, do sexo feminino",https://raw.githubusercontent.com/cem-usp/georedus_metodologia/refs/heads/main/censo/2010/res_100m2.md
165,,ibge_malha_br_setor_censitario_2010,cem_censo_2010_rel,pop_ren_mor_ren_sex_res_5sm_mas_pct,res_100m2,cem_censo_2010_2022,2010,População e domicílios / 2010 / População e responsáveis,População e domicílios,Pessoas responsáveis,População e responsáveis,Homens de 3 a 5 salários mínimos,Renda e sexo dos responsáveis,Porcentagem em relação ao total de pessoas responsáveis,% em relação ao total de pessoas responsáveis,,"Pessoas responsáveis com rendimento nominal mensal de mais de 3 a 5 salários mínimos, do sexo masculino",https://raw.githubusercontent.com/cem-usp/georedus_metodologia/refs/heads/main/censo/2010/res_100m2.md
166,,ibge_malha_br_setor_censitario_2010,cem_censo_2010_rel,pop_ren_mor_ren_res_10sm_pct,res_100m2,cem_censo_2010_2022,2010,População e domicílios / 2010 / População e responsáveis,População e domicílios,Pessoas responsáveis,População e responsáveis,5 a 10 salários mínimos,Renda dos responsáveis,Porcentagem em relação ao total de pessoas responsáveis,% em relação ao total de pessoas responsáveis,,Pessoas responsáveis com rendimento nominal mensal de mais de 5 a 10 salários mínimos,https://raw.githubusercontent.com/cem-usp/georedus_metodologia/refs/heads/main/censo/2010/res_100m2.md
167,,ibge_malha_br_setor_censitario_2010,cem_censo_2010_rel,pop_ren_mor_ren_sex_res_10sm_fem_pct,res_100m2,cem_censo_2010_2022,2010,População e domicílios / 2010 / População e responsáveis,População e domicílios,Pessoas responsáveis,População e responsáveis,Mulheres de 5 a 10 salários mínimos,Renda e sexo dos responsáveis,Porcentagem em relação ao total de pessoas responsáveis,% em relação ao total de pessoas responsáveis,,"Pessoas responsáveis com rendimento nominal mensal de mais de 5 a 10 salários mínimos, do sexo feminino",https://raw.githubusercontent.com/cem-usp/georedus_metodologia/refs/heads/main/censo/2010/res_100m2.md
168,,ibge_malha_br_setor_censitario_2010,cem_censo_2010_rel,pop_ren_mor_ren_sex_res_10sm_mas_pct,res_100m2,cem_censo_2010_2022,2010,População e domicílios / 2010 / População e responsáveis,População e domicílios,Pessoas responsáveis,População e responsáveis,Homens de 5 a 10 salários mínimos,Renda e sexo dos responsáveis,Porcentagem em relação ao total de pessoas responsáveis,% em relação ao total de pessoas responsáveis,,"Pessoas responsáveis com rendimento nominal mensal de mais de 5 a 10 salários mínimos, do sexo masculino",https://raw.githubusercontent.com/cem-usp/georedus_metodologia/refs/heads/main/censo/2010/res_100m2.md
169,,ibge_malha_br_setor_censitario_2010,cem_censo_2010_rel,pop_ren_mor_ren_res_0sm_pct,res_100m2,cem_censo_2010_2022,2010,População e domicílios / 2010 / População e responsáveis,População e domicílios,Pessoas responsáveis,População e responsáveis,Sem rendimento,Renda dos responsáveis,Porcentagem em relação ao total de pessoas responsáveis,% em relação ao total de pessoas responsáveis,,Pessoas responsáveis sem rendimento nominal mensal,https://raw.githubusercontent.com/cem-usp/georedus_metodologia/refs/heads/main/censo/2010/res_100m2.md
170,,ibge_malha_br_setor_censitario_2010,cem_censo_2010_rel,pop_ren_mor_ren_sex_res_0sm_fem_pct,res_100m2,cem_censo_2010_2022,2010,População e domicílios / 2010 / População e responsáveis,População e domicílios,Pessoas responsáveis,População e responsáveis,Mulheres sem rendimento,Renda e sexo dos responsáveis,Porcentagem em relação ao total de pessoas responsáveis,% em relação ao total de pessoas responsáveis,,"Pessoas responsáveis sem rendimento nominal mensal, do sexo feminino",https://raw.githubusercontent.com/cem-usp/georedus_metodologia/refs/heads/main/censo/2010/res_100m2.md
171,,ibge_malha_br_setor_censitario_2010,cem_censo_2010_rel,pop_ren_mor_ren_sex_res_0sm_mas_pct,res_100m2,cem_censo_2010_2022,2010,População e domicílios / 2010 / População e responsáveis,População e domicílios,Pessoas responsáveis,População e responsáveis,Homens sem rendimento,Renda e sexo dos responsáveis,Porcentagem em relação ao total de pessoas responsáveis,% em relação ao total de pessoas responsáveis,,"Pessoas responsáveis sem rendimento nominal mensal, do sexo masculino",https://raw.githubusercontent.com/cem-usp/georedus_metodologia/refs/heads/main/censo/2010/res_100m2.md
172,,ibge_malha_br_setor_censitario_2010,cem_censo_2010_rel,pop_bas_mor_sex_res_fem_pct,res_100m2,cem_censo_2010_2022,2010,População e domicílios / 2010 / População e responsáveis,População e domicílios,Pessoas responsáveis,População e responsáveis,Mulheres,Sexo dos responsáveis,Porcentagem em relação ao total de pessoas responsáveis,% em relação ao total de pessoas responsáveis,,"Pessoas responsáveis, do sexo feminino",https://raw.githubusercontent.com/cem-usp/georedus_metodologia/refs/heads/main/censo/2010/res_100m2.md
173,,ibge_malha_br_setor_censitario_2010,cem_censo_2010_rel,pop_bas_mor_sex_res_mas_pct,res_100m2,cem_censo_2010_2022,2010,População e domicílios / 2010 / População e responsáveis,População e domicílios,Pessoas responsáveis,População e responsáveis,Homens,Sexo dos responsáveis,Porcentagem em relação ao total de pessoas responsáveis,% em relação ao total de pessoas responsáveis,,"Pessoas responsáveis, do sexo masculino",https://raw.githubusercontent.com/cem-usp/georedus_metodologia/refs/heads/main/censo/2010/res_100m2.md
174,,ibge_malha_br_setor_censitario_2010,cem_censo_2010_rel,dom_mor_dom_tot_alu_pct,dom_mor_dom_tot_alu,cem_censo_2010_2022,2010,População e domicílios / 2010 / Posse e tipo dos domicílios,População e domicílios,Domicílios alugados,Posse e tipo dos domicílios,Total de domicílios,Total,Porcentagem em relação ao total de domicílios,% em relação ao total de domicílios,sim,Domicílios particulares permanentes alugados,https://raw.githubusercontent.com/cem-usp/georedus_metodologia/refs/heads/main/censo/2010/dom_mor_dom_tot_alu.md
175,,ibge_malha_br_setor_censitario_2010,cem_censo_2010_rel,dom_mor_mor_sex_alu_mas_pct,dom_mor_dom_tot_alu,cem_censo_2010_2022,2010,População e domicílios / 2010 / Posse e tipo dos domicílios,População e domicílios,Domicílios alugados,Posse e tipo dos domicílios,Homens,Sexo dos moradores,Porcentagem em relação ao total de homens residentes,% em relação ao total de homens residentes,,Homens moradores em domicílios particulares permanentes alugados,https://raw.githubusercontent.com/cem-usp/georedus_metodologia/refs/heads/main/censo/2010/dom_mor_dom_tot_alu.md
176,,ibge_malha_br_setor_censitario_2010,cem_censo_2010_rel,dom_mor_mor_tot_alu_pct,dom_mor_dom_tot_alu,cem_censo_2010_2022,2010,População e domicílios / 2010 / Posse e tipo dos domicílios,População e domicílios,Domicílios alugados,Posse e tipo dos domicílios,Total de moradores,Total,Porcentagem em relação ao total de moradores,% em relação ao total de moradores,,Moradores em domicílios particulares permanentes alugados,https://raw.githubusercontent.com/cem-usp/georedus_metodologia/refs/heads/main/censo/2010/dom_mor_dom_tot_alu.md
177,,ibge_malha_br_setor_censitario_2010,cem_censo_2010_rel,dom_mor_mor_sex_alu_fem_pct,dom_mor_dom_tot_alu,cem_censo_2010_2022,2010,População e domicílios / 2010 / Posse e tipo dos domicílios,População e domicílios,Domicílios alugados,Posse e tipo dos domicílios,Mulheres,Sexo dos moradores,Porcentagem em relação ao total de mulheres residentes,% em relação ao total de mulheres residentes,,Mulheres moradoras em domicílios particulares permanentes alugados,https://raw.githubusercontent.com/cem-usp/georedus_metodologia/refs/heads/main/censo/2010/dom_mor_dom_tot_alu.md
178,,ibge_malha_br_setor_censitario_2010,cem_censo_2010_rel,dom_mor_dom_tot_apt_pct,dom_mor_dom_tot_apt,cem_censo_2010_2022,2010,População e domicílios / 2010 / Posse e tipo dos domicílios,População e domicílios,Domicílios tipo apartamento,Posse e tipo dos domicílios,Total de domicílios,Total,Porcentagem em relação ao total de domicílios,% em relação ao total de domicílios,sim,Domicílios particulares permanentes do tipo apartamento,https://raw.githubusercontent.com/cem-usp/georedus_metodologia/refs/heads/main/censo/2010/dom_mor_dom_tot_apt.md
179,,ibge_malha_br_setor_censitario_2010,cem_censo_2010_rel,dom_mor_mor_sex_apt_mas_pct,dom_mor_dom_tot_apt,cem_censo_2010_2022,2010,População e domicílios / 2010 / Posse e tipo dos domicílios,População e domicílios,Domicílios tipo apartamento,Posse e tipo dos domicílios,Homens,Sexo dos moradores,Porcentagem em relação ao total de homens residentes,% em relação ao total de homens residentes,,Homens moradores em domicílios particulares permanentes do tipo apartamento,https://raw.githubusercontent.com/cem-usp/georedus_metodologia/refs/heads/main/censo/2010/dom_mor_dom_tot_apt.md
180,,ibge_malha_br_setor_censitario_2010,cem_censo_2010_rel,dom_mor_mor_tot_apt_pct,dom_mor_dom_tot_apt,cem_censo_2010_2022,2010,População e domicílios / 2010 / Posse e tipo dos domicílios,População e domicílios,Domicílios tipo apartamento,Posse e tipo dos domicílios,Total de moradores,Total,Porcentagem em relação ao total de moradores,% em relação ao total de moradores,,Moradores em domicílios particulares permanentes do tipo apartamento,https://raw.githubusercontent.com/cem-usp/georedus_metodologia/refs/heads/main/censo/2010/dom_mor_dom_tot_apt.md
181,,ibge_malha_br_setor_censitario_2010,cem_censo_2010_rel,dom_mor_mor_sex_apt_fem_pct,dom_mor_dom_tot_apt,cem_censo_2010_2022,2010,População e domicílios / 2010 / Posse e tipo dos domicílios,População e domicílios,Domicílios tipo apartamento,Posse e tipo dos domicílios,Mulheres,Sexo dos moradores,Porcentagem em relação ao total de mulheres residentes,% em relação ao total de mulheres residentes,,Mulheres moradoras em domicílios particulares permanentes do tipo apartamento,https://raw.githubusercontent.com/cem-usp/georedus_metodologia/refs/heads/main/censo/2010/dom_mor_dom_tot_apt.md
182,,ibge_malha_br_setor_censitario_2010,cem_censo_2010_rel,dom_mor_dom_tot_cas_pct,dom_mor_dom_tot_cas,cem_censo_2010_2022,2010,População e domicílios / 2010 / Posse e tipo dos domicílios,População e domicílios,Domicílios tipo casa,Posse e tipo dos domicílios,Total de domicílios,Total,Porcentagem em relação ao total de domicílios,% em relação ao total de domicílios,sim,Domicílios particulares permanentes do tipo casa E tipo casa de vila ou em condomínio,https://raw.githubusercontent.com/cem-usp/georedus_metodologia/refs/heads/main/censo/2010/dom_mor_dom_tot_cas.md
183,,ibge_malha_br_setor_censitario_2010,cem_censo_2010_rel,dom_mor_mor_sex_cas_mas_pct,dom_mor_dom_tot_cas,cem_censo_2010_2022,2010,População e domicílios / 2010 / Posse e tipo dos domicílios,População e domicílios,Domicílios tipo casa,Posse e tipo dos domicílios,Homens,Sexo dos moradores,Porcentagem em relação ao total de homens residentes,% em relação ao total de homens residentes,,Homens moradores em domicílios particulares permanentes do tipo casa E tipo casa de vila ou em condomínio,https://raw.githubusercontent.com/cem-usp/georedus_metodologia/refs/heads/main/censo/2010/dom_mor_dom_tot_cas.md
184,,ibge_malha_br_setor_censitario_2010,cem_censo_2010_rel,dom_mor_mor_tot_cas_pct,dom_mor_dom_tot_cas,cem_censo_2010_2022,2010,População e domicílios / 2010 / Posse e tipo dos domicílios,População e domicílios,Domicílios tipo casa,Posse e tipo dos domicílios,Total de moradores,Total,Porcentagem em relação ao total de moradores,% em relação ao total de moradores,,Moradores em domicílios particulares permanentes do tipo casa E tipo casa de vila ou em condomínio,https://raw.githubusercontent.com/cem-usp/georedus_metodologia/refs/heads/main/censo/2010/dom_mor_dom_tot_cas.md
185,,ibge_malha_br_setor_censitario_2010,cem_censo_2010_rel,dom_mor_mor_sex_cas_fem_pct,dom_mor_dom_tot_cas,cem_censo_2010_2022,2010,População e domicílios / 2010 / Posse e tipo dos domicílios,População e domicílios,Domicílios tipo casa,Posse e tipo dos domicílios,Mulheres,Sexo dos moradores,Porcentagem em relação ao total de mulheres residentes,% em relação ao total de mulheres residentes,,Mulheres moradoras em domicílios particulares permanentes do tipo casa E tipo casa de vila ou em condomínio,https://raw.githubusercontent.com/cem-usp/georedus_metodologia/refs/heads/main/censo/2010/dom_mor_dom_tot_cas.md
186,,ibge_malha_br_setor_censitario_2010,cem_censo_2010_rel,dom_mor_dom_tot_mor_ina_pct,dom_mor_dom_tot_mor_ina,cem_censo_2010_2022,2010,População e domicílios / 2010 / Posse e tipo dos domicílios,População e domicílios,Domicílios com moradia semi-adequada ou inadequada,Posse e tipo dos domicílios,Total de domicílios,Total,Porcentagem em relação ao total de domicílios,% em relação ao total de domicílios,sim,Domicílios particulares permanentes com moradia semi-adequada ou inadequada,https://raw.githubusercontent.com/cem-usp/georedus_metodologia/refs/heads/main/censo/2010/dom_mor_dom_tot_mor_ina.md
187,,ibge_malha_br_setor_censitario_2010,cem_censo_2010_rel,dom_mor_mor_tot_mor_ina_pct,dom_mor_dom_tot_mor_ina,cem_censo_2010_2022,2010,População e domicílios / 2010 / Posse e tipo dos domicílios,População e domicílios,Domicílios com moradia semi-adequada ou inadequada,Posse e tipo dos domicílios,Total de moradores,Total,Porcentagem em relação ao total de moradores,% em relação ao total de moradores,,Moradores em domicílios particulares permanentes com moradia semi- adequada ou inadequada,https://raw.githubusercontent.com/cem-usp/georedus_metodologia/refs/heads/main/censo/2010/dom_mor_dom_tot_mor_ina.md
188,,ibge_malha_br_setor_censitario_2010,cem_censo_2010_rel,dom_mor_dom_tot_pro_pct,dom_mor_dom_tot_pro,cem_censo_2010_2022,2010,População e domicílios / 2010 / Posse e tipo dos domicílios,População e domicílios,Domicílios próprios,Posse e tipo dos domicílios,Total de domicílios,Total,Porcentagem em relação ao total de domicílios,% em relação ao total de domicílios,sim,Domicílios particulares permanentes próprios (quitados ou em aquisição),https://raw.githubusercontent.com/cem-usp/georedus_metodologia/refs/heads/main/censo/2010/dom_mor_dom_tot_pro.md
189,,ibge_malha_br_setor_censitario_2010,cem_censo_2010_rel,dom_mor_mor_sex_pro_mas_pct,dom_mor_dom_tot_pro,cem_censo_2010_2022,2010,População e domicílios / 2010 / Posse e tipo dos domicílios,População e domicílios,Domicílios próprios,Posse e tipo dos domicílios,Homens,Sexo dos moradores,Porcentagem em relação ao total de homens residentes,% em relação ao total de homens residentes,,Homens moradores em domicílios particulares permanentes próprios,https://raw.githubusercontent.com/cem-usp/georedus_metodologia/refs/heads/main/censo/2010/dom_mor_dom_tot_pro.md
190,,ibge_malha_br_setor_censitario_2010,cem_censo_2010_rel,dom_mor_mor_tot_pro_pct,dom_mor_dom_tot_pro,cem_censo_2010_2022,2010,População e domicílios / 2010 / Posse e tipo dos domicílios,População e domicílios,Domicílios próprios,Posse e tipo dos domicílios,Total de moradores,Total,Porcentagem em relação ao total de moradores,% em relação ao total de moradores,,Moradores em domicílios particulares permanentes próprios (quitados ou em aquisição),https://raw.githubusercontent.com/cem-usp/georedus_metodologia/refs/heads/main/censo/2010/dom_mor_dom_tot_pro.md
191,,ibge_malha_br_setor_censitario_2010,cem_censo_2010_rel,dom_mor_mor_sex_pro_fem_pct,dom_mor_dom_tot_pro,cem_censo_2010_2022,2010,População e domicílios / 2010 / Posse e tipo dos domicílios,População e domicílios,Domicílios próprios,Posse e tipo dos domicílios,Mulheres,Sexo dos moradores,Porcentagem em relação ao total de mulheres residentes,% em relação ao total de mulheres residentes,,Mulheres moradores em domicílios particulares permanentes próprios,https://raw.githubusercontent.com/cem-usp/georedus_metodologia/refs/heads/main/censo/2010/dom_mor_dom_tot_pro.md
192,,ibge_malha_br_setor_censitario_2010,cem_censo_2010_abs,dom_bas_dom_tot_dom,dom_bas_dom_tot_dom,cem_censo_2010_2022,2010,População e domicílios / 2010 / Posse e tipo dos domicílios,População e domicílios,Domicílios particulares e coletivos,Posse e tipo dos domicílios,Total de domicílios,Total,Número de domicílios,Número de domicílios,sim,Domicílios particulares e domicílios coletivos,https://raw.githubusercontent.com/cem-usp/georedus_metodologia/refs/heads/main/censo/2010/dom_bas_dom_tot_dom.md
193,,ibge_malha_br_setor_censitario_2010,cem_censo_2010_abs,dom_bas_mor_tot_dom,dom_bas_dom_tot_dom,cem_censo_2010_2022,2010,População e domicílios / 2010 / Posse e tipo dos domicílios,População e domicílios,Domicílios particulares e coletivos,Posse e tipo dos domicílios,Total de moradores,Total,Número de moradores,Número de moradores,,Moradores em domicílios particulares e domicílios coletivos,https://raw.githubusercontent.com/cem-usp/georedus_metodologia/refs/heads/main/censo/2010/dom_bas_dom_tot_dom.md
194,,ibge_malha_br_setor_censitario_2010,cem_censo_2010_rel,dom_bas_dom_tot_dpp_pct,dom_bas_dom_tot_dpp_pct,cem_censo_2010_2022,2010,População e domicílios / 2010 / Posse e tipo dos domicílios,População e domicílios,Domicílios particulares,Posse e tipo dos domicílios,Total de domicílios,Total,Porcentagem em relação ao total de domicílios,% em relação ao total de domicílios,sim,Domicílios particulares permanentes,https://raw.githubusercontent.com/cem-usp/georedus_metodologia/refs/heads/main/censo/2010/dom_bas_dom_tot_dpp_pct.md
195,,ibge_malha_br_setor_censitario_2010,cem_censo_2010_rel,dom_bas_mor_sex_dpp_mas_pct,dom_bas_dom_tot_dpp_pct,cem_censo_2010_2022,2010,População e domicílios / 2010 / Posse e tipo dos domicílios,População e domicílios,Domicílios particulares,Posse e tipo dos domicílios,Homens,Sexo dos moradores,Porcentagem em relação ao total de moradores,% em relação ao total de moradores,,Homens moradores em domicílios particulares permanentes,https://raw.githubusercontent.com/cem-usp/georedus_metodologia/refs/heads/main/censo/2010/dom_bas_dom_tot_dpp_pct.md
196,,ibge_malha_br_setor_censitario_2010,cem_censo_2010_rel,dom_bas_mor_tot_dpp_pct,dom_bas_dom_tot_dpp_pct,cem_censo_2010_2022,2010,População e domicílios / 2010 / Posse e tipo dos domicílios,População e domicílios,Domicílios particulares,Posse e tipo dos domicílios,Total de moradores,Total,Porcentagem em relação ao total de moradores,% em relação ao total de moradores,,Moradores em domicílios particulares permanentes,https://raw.githubusercontent.com/cem-usp/georedus_metodologia/refs/heads/main/censo/2010/dom_bas_dom_tot_dpp_pct.md
197,,ibge_malha_br_setor_censitario_2010,cem_censo_2010_rel,dom_bas_mor_sex_dpp_fem_pct,dom_bas_dom_tot_dpp_pct,cem_censo_2010_2022,2010,População e domicílios / 2010 / Posse e tipo dos domicílios,População e domicílios,Domicílios particulares,Posse e tipo dos domicílios,Mulheres,Sexo dos moradores,Porcentagem em relação ao total de moradores,% em relação ao total de moradores,,Mulheres moradoras em domicílios particulares permanentes,https://raw.githubusercontent.com/cem-usp/georedus_metodologia/refs/heads/main/censo/2010/dom_bas_dom_tot_dpp_pct.md
198,,ibge_malha_br_setor_censitario_2010,cem_censo_2010_rel,dom_bas_dom_tot_imp_pct,dom_bas_dom_tot_imp_pct,cem_censo_2010_2022,2010,População e domicílios / 2010 / Posse e tipo dos domicílios,População e domicílios,Domicílios improvisados,Posse e tipo dos domicílios,Total de domicílios,Total,Porcentagem em relação ao total de domicílios,% em relação ao total de domicílios,sim,Total de domicílios particulares improvisados,https://raw.githubusercontent.com/cem-usp/georedus_metodologia/refs/heads/main/censo/2010/dom_bas_dom_tot_imp_pct.md
199,,ibge_malha_br_setor_censitario_2010,cem_censo_2010_abs,dom_mor_mor_tot_med_mor,dom_mor_mor_tot_med_mor,cem_censo_2010_2022,2010,População e domicílios / 2010 / Densidade e rendimento,População e domicílios,Moradores por domicílio,Densidade e rendimento,Total de moradores,Total,Média de moradores por domicílio,Média de moradores por domicílio,sim,Média do número de moradores em domicílios particulares permanentes,https://raw.githubusercontent.com/cem-usp/georedus_metodologia/refs/heads/main/censo/2010/dom_mor_mor_tot_med_mor.md
200,,ibge_malha_br_setor_censitario_2010,cem_censo_2010_rel,dom_ren_dom_tot_meiosm_pct,dom_ren_dom_tot_meiosm,cem_censo_2010_2022,2010,População e domicílios / 2010 / Densidade e rendimento,População e domicílios,Renda domiciliar mensal per capita,Densidade e rendimento,Total de responsáveis,Total,Porcentagem em relação ao total de domicílios,% em relação ao total de domicílios,sim,Domicílios particulares com rendimento nominal mensal domiciliar per capita de até 1/2 salário mínimo,https://raw.githubusercontent.com/cem-usp/georedus_metodologia/refs/heads/main/censo/2010/dom_ren_dom_tot_meiosm.md
201,,ibge_malha_br_setor_censitario_2010,cem_censo_2010_abs,dom_ren_mor_tot_med,dom_ren_mor_tot_med,cem_censo_2010_2022,2010,População e domicílios / 2010 / Densidade e rendimento,População e domicílios,Renda média mensal das pessoas de 10 anos ou mais,Densidade e rendimento,Total de residentes,Total,Média do rendimento mensal,Média do rendimento mensal,sim,Valor do rendimento nominal médio mensal das pessoas de 10 anos ou mais de idade (com e sem rendimento),https://raw.githubusercontent.com/cem-usp/georedus_metodologia/refs/heads/main/censo/2010/dom_ren_mor_tot_med.md
202,,ibge_malha_br_setor_censitario_2010,cem_censo_2010_abs,dom_ren_mor_tot_med_res,dom_ren_mor_tot_med_res,cem_censo_2010_2022,2010,População e domicílios / 2010 / Densidade e rendimento,População e domicílios,Renda média mensal dos responsáveis,Densidade e rendimento,Total de responsáveis,Total,Média do rendimento mensal dos responsáveis,Média do rendimento mensal dos responsáveis,sim,Valor do rendimento nominal médio mensal das pessoas responsáveis por domicílios particulares permanentes (com e sem rendimento),https://raw.githubusercontent.com/cem-usp/georedus_metodologia/refs/heads/main/censo/2010/dom_ren_mor_tot_med_res.md
203,,ibge_malha_br_setor_censitario_2010,cem_censo_2010_rel,dom_mor_dom_tot_6mor_pct,dom_mor_dom_tot_6mor,cem_censo_2010_2022,2010,População e domicílios / 2010 / Densidade e rendimento,População e domicílios,Domicílios com 6 ou mais moradores,Densidade e rendimento,Total de responsáveis,Total,Porcentagem em relação ao total de domicílios,% em relação ao total de domicílios,sim,Domicílios particulares permanentes com 6 ou mais moradores,https://raw.githubusercontent.com/cem-usp/georedus_metodologia/refs/heads/main/censo/2010/dom_mor_dom_tot_6mor.md
204,,ibge_malha_br_setor_censitario_2010,cem_censo_2010_rel,dom_mor_dom_sex_6mor_mas_pct,dom_mor_dom_tot_6mor,cem_censo_2010_2022,2010,População e domicílios / 2010 / Densidade e rendimento,População e domicílios,Domicílios com 6 ou mais moradores,Densidade e rendimento,Homens,Sexo dos responsáveis,Porcentagem em relação ao total de domicílios com homens responsáveis,% em relação ao total de domicílios com homens responsáveis,,Domicílios particulares permanentes com 6 ou mais moradores com homem responsável,https://raw.githubusercontent.com/cem-usp/georedus_metodologia/refs/heads/main/censo/2010/dom_mor_dom_tot_6mor.md
205,,ibge_malha_br_setor_censitario_2010,cem_censo_2010_rel,dom_mor_dom_sex_6mor_fem_pct,dom_mor_dom_tot_6mor,cem_censo_2010_2022,2010,População e domicílios / 2010 / Densidade e rendimento,População e domicílios,Domicílios com 6 ou mais moradores,Densidade e rendimento,Mulheres,Sexo dos responsáveis,Porcentagem em relação ao total de domicílios com mulheres responsáveis,% em relação ao total de domicílios com mulheres responsáveis,,Domicílios particulares permanentes com 6 ou mais moradores com mulher responsável,https://raw.githubusercontent.com/cem-usp/georedus_metodologia/refs/heads/main/censo/2010/dom_mor_dom_tot_6mor.md
206,,ibge_malha_br_setor_censitario_2010,cem_censo_2010_rel,pop_alf_mor_sex_10_14_mas_pct,pop_alf_mor_tot_10_14_pct,cem_censo_2010_2022,2010,População e domicílios / 2010 / Alfabetização,População e domicílios,Pessoas alfabetizadas entre 10 e 14 anos,Alfabetização,Homens,Sexo dos residentes,Porcentagem em relação ao total de homens entre 10 e 14 anos,% em relação ao total de homens entre 10 e 14 anos,,Homens alfabetizados entre 10 e 14 anos de idade,https://raw.githubusercontent.com/cem-usp/georedus_metodologia/refs/heads/main/censo/2010/pop_alf_mor_tot_10_14_pct.md
207,,ibge_malha_br_setor_censitario_2010,cem_censo_2010_rel,pop_alf_mor_sex_10_14_fem_pct,pop_alf_mor_tot_10_14_pct,cem_censo_2010_2022,2010,População e domicílios / 2010 / Alfabetização,População e domicílios,Pessoas alfabetizadas entre 10 e 14 anos,Alfabetização,Mulheres,Sexo dos residentes,Porcentagem em relação ao total de mulheres entre 10 e 14 anos,% em relação ao total de mulheres entre 10 e 14 anos,,Mulheres alfabetizadas entre 10 e 14 anos de idade,https://raw.githubusercontent.com/cem-usp/georedus_metodologia/refs/heads/main/censo/2010/pop_alf_mor_tot_10_14_pct.md
208,,ibge_malha_br_setor_censitario_2010,cem_censo_2010_rel,pop_alf_mor_cor_10_14_bra_pct,pop_alf_mor_tot_10_14_pct,cem_censo_2010_2022,2010,População e domicílios / 2010 / Alfabetização,População e domicílios,Pessoas alfabetizadas entre 10 e 14 anos,Alfabetização,Pessoas brancas,Cor dos residentes,Porcentagem em relação ao total de pessoas brancas entre 10 e 14 anos,% em relação ao total de pessoas brancas entre 10 e 14 anos,,Pessoas alfabetizadas de 10 a 14 anos de idade de cor ou raça - branca,https://raw.githubusercontent.com/cem-usp/georedus_metodologia/refs/heads/main/censo/2010/pop_alf_mor_tot_10_14_pct.md
209,,ibge_malha_br_setor_censitario_2010,cem_censo_2010_rel,pop_alf_mor_cor_10_14_ind_pct,pop_alf_mor_tot_10_14_pct,cem_censo_2010_2022,2010,População e domicílios / 2010 / Alfabetização,População e domicílios,Pessoas alfabetizadas entre 10 e 14 anos,Alfabetização,Pessoas indígenas,Cor dos residentes,Porcentagem em relação ao total de pessoas indígenas entre 10 e 14 anos,% em relação ao total de pessoas indígenas entre 10 e 14 anos,,Pessoas alfabetizadas de 10 a 14 anos de idade de cor ou raça - indígena,https://raw.githubusercontent.com/cem-usp/georedus_metodologia/refs/heads/main/censo/2010/pop_alf_mor_tot_10_14_pct.md
210,,ibge_malha_br_setor_censitario_2010,cem_censo_2010_rel,pop_alf_mor_cor_10_14_ama_pct,pop_alf_mor_tot_10_14_pct,cem_censo_2010_2022,2010,População e domicílios / 2010 / Alfabetização,População e domicílios,Pessoas alfabetizadas entre 10 e 14 anos,Alfabetização,Pessoas amarelas,Cor dos residentes,Porcentagem em relação ao total de pessoas amarelas entre 10 e 14 anos,% em relação ao total de pessoas amarelas entre 10 e 14 anos,,Pessoas alfabetizadas de 10 a 14 anos de idade de cor ou raça – amarela,https://raw.githubusercontent.com/cem-usp/georedus_metodologia/refs/heads/main/censo/2010/pop_alf_mor_tot_10_14_pct.md
211,,ibge_malha_br_setor_censitario_2010,cem_censo_2010_rel,pop_alf_mor_cor_10_14_neg_pct,pop_alf_mor_tot_10_14_pct,cem_censo_2010_2022,2010,População e domicílios / 2010 / Alfabetização,População e domicílios,Pessoas alfabetizadas entre 10 e 14 anos,Alfabetização,Pessoas negras,Cor dos residentes,Porcentagem em relação ao total de pessoas negras entre 10 e 14 anos,% em relação ao total de pessoas negras entre 10 e 14 anos,,Pessoas alfabetizadas de 10 a 14 anos de idade de cor ou raça – preta ou parda,https://raw.githubusercontent.com/cem-usp/georedus_metodologia/refs/heads/main/censo/2010/pop_alf_mor_tot_10_14_pct.md
212,,ibge_malha_br_setor_censitario_2010,cem_censo_2010_rel,pop_alf_mor_cor_sex_10_14_bra_fem_pct,pop_alf_mor_tot_10_14_pct,cem_censo_2010_2022,2010,População e domicílios / 2010 / Alfabetização,População e domicílios,Pessoas alfabetizadas entre 10 e 14 anos,Alfabetização,Mulheres brancas,Cor e sexo dos residentes,Porcentagem em relação ao total de mulheres brancas entre 10 e 14 anos,% em relação ao total de mulheres brancas entre 10 e 14 anos,,"Pessoas alfabetizadas de 10 a 14 anos de idade, do sexo feminino e cor ou raça - branca",https://raw.githubusercontent.com/cem-usp/georedus_metodologia/refs/heads/main/censo/2010/pop_alf_mor_tot_10_14_pct.md
213,,ibge_malha_br_setor_censitario_2010,cem_censo_2010_rel,pop_alf_mor_cor_sex_10_14_ind_fem_pct,pop_alf_mor_tot_10_14_pct,cem_censo_2010_2022,2010,População e domicílios / 2010 / Alfabetização,População e domicílios,Pessoas alfabetizadas entre 10 e 14 anos,Alfabetização,Mulheres indígenas,Cor e sexo dos residentes,Porcentagem em relação ao total de mulheres indígenas entre 10 e 14 anos,% em relação ao total de mulheres indígenas entre 10 e 14 anos,,"Pessoas alfabetizadas de 10 a 14 anos de idade, do sexo feminino e cor ou raça - indígena",https://raw.githubusercontent.com/cem-usp/georedus_metodologia/refs/heads/main/censo/2010/pop_alf_mor_tot_10_14_pct.md
214,,ibge_malha_br_setor_censitario_2010,cem_censo_2010_rel,pop_alf_mor_cor_sex_10_14_ama_fem_pct,pop_alf_mor_tot_10_14_pct,cem_censo_2010_2022,2010,População e domicílios / 2010 / Alfabetização,População e domicílios,Pessoas alfabetizadas entre 10 e 14 anos,Alfabetização,Mulheres amarelas,Cor e sexo dos residentes,Porcentagem em relação ao total de mulheres amarelas entre 10 e 14 anos,% em relação ao total de mulheres amarelas entre 10 e 14 anos,,"Pessoas alfabetizadas de 10 a 14 anos de idade, do sexo feminino e cor ou raça – amarela",https://raw.githubusercontent.com/cem-usp/georedus_metodologia/refs/heads/main/censo/2010/pop_alf_mor_tot_10_14_pct.md
215,,ibge_malha_br_setor_censitario_2010,cem_censo_2010_rel,pop_alf_mor_cor_sex_10_14_neg_fem_pct,pop_alf_mor_tot_10_14_pct,cem_censo_2010_2022,2010,População e domicílios / 2010 / Alfabetização,População e domicílios,Pessoas alfabetizadas entre 10 e 14 anos,Alfabetização,Mulheres negras,Cor e sexo dos residentes,Porcentagem em relação ao total de mulheres negras entre 10 e 14 anos,% em relação ao total de mulheres negras entre 10 e 14 anos,,,https://raw.githubusercontent.com/cem-usp/georedus_metodologia/refs/heads/main/censo/2010/pop_alf_mor_tot_10_14_pct.md
216,,ibge_malha_br_setor_censitario_2010,cem_censo_2010_rel,pop_alf_mor_cor_sex_10_14_bra_mas_pct,pop_alf_mor_tot_10_14_pct,cem_censo_2010_2022,2010,População e domicílios / 2010 / Alfabetização,População e domicílios,Pessoas alfabetizadas entre 10 e 14 anos,Alfabetização,Homens brancos,Cor e sexo dos residentes,Porcentagem em relação ao total de homens brancos entre 10 e 14 anos,% em relação ao total de homens brancos entre 10 e 14 anos,,"Pessoas alfabetizadas de 10 a 14 anos de idade, do sexo masculino e cor ou raça - branca",https://raw.githubusercontent.com/cem-usp/georedus_metodologia/refs/heads/main/censo/2010/pop_alf_mor_tot_10_14_pct.md
217,,ibge_malha_br_setor_censitario_2010,cem_censo_2010_rel,pop_alf_mor_cor_sex_10_14_ind_mas_pct,pop_alf_mor_tot_10_14_pct,cem_censo_2010_2022,2010,População e domicílios / 2010 / Alfabetização,População e domicílios,Pessoas alfabetizadas entre 10 e 14 anos,Alfabetização,Homens indígenas,Cor e sexo dos residentes,Porcentagem em relação ao total de homens indígenas entre 10 e 14 anos,% em relação ao total de homens indígenas entre 10 e 14 anos,,"Pessoas alfabetizadas de 10 a 14 anos de idade, do sexo masculino e cor ou raça - indígena",https://raw.githubusercontent.com/cem-usp/georedus_metodologia/refs/heads/main/censo/2010/pop_alf_mor_tot_10_14_pct.md
218,,ibge_malha_br_setor_censitario_2010,cem_censo_2010_rel,pop_alf_mor_cor_sex_10_14_ama_mas_pct,pop_alf_mor_tot_10_14_pct,cem_censo_2010_2022,2010,População e domicílios / 2010 / Alfabetização,População e domicílios,Pessoas alfabetizadas entre 10 e 14 anos,Alfabetização,Homens amarelos,Cor e sexo dos residentes,Porcentagem em relação ao total de homens amarelos entre 10 e 14 anos,% em relação ao total de homens amarelos entre 10 e 14 anos,,"Pessoas alfabetizadas de 10 a 14 anos de idade, do sexo masculino e cor ou raça – amarela",https://raw.githubusercontent.com/cem-usp/georedus_metodologia/refs/heads/main/censo/2010/pop_alf_mor_tot_10_14_pct.md
219,,ibge_malha_br_setor_censitario_2010,cem_censo_2010_rel,pop_alf_mor_cor_sex_10_14_neg_mas_pct,pop_alf_mor_tot_10_14_pct,cem_censo_2010_2022,2010,População e domicílios / 2010 / Alfabetização,População e domicílios,Pessoas alfabetizadas entre 10 e 14 anos,Alfabetização,Homens negros,Cor e sexo dos residentes,Porcentagem em relação ao total de homens negros entre 10 e 14 anos,% em relação ao total de homens negros entre 10 e 14 anos,,"Pessoas alfabetizadas de 10 a 14 anos de idade, do sexo masculino e cor ou raça – preta ou parda",https://raw.githubusercontent.com/cem-usp/georedus_metodologia/refs/heads/main/censo/2010/pop_alf_mor_tot_10_14_pct.md
220,,ibge_malha_br_setor_censitario_2010,cem_censo_2010_rel,pop_alf_mor_tot_10_14_pct,pop_alf_mor_tot_10_14_pct,cem_censo_2010_2022,2010,População e domicílios / 2010 / Alfabetização,População e domicílios,Pessoas alfabetizadas entre 10 e 14 anos,Alfabetização,Total de residentes,Total,Porcentagem em relação ao total de pessoas entre 10 e 14 anos,% em relação ao total de pessoas entre 10 e 14 anos,sim,Pessoas alfabetizadas entre 10 e 14 anos de idade,https://raw.githubusercontent.com/cem-usp/georedus_metodologia/refs/heads/main/censo/2010/pop_alf_mor_tot_10_14_pct.md
221,,ibge_malha_br_setor_censitario_2010,cem_censo_2010_rel,ent_bue_dom_tot_dom_pct,ent_bue_dom_tot_dom_pct,cem_censo_2010_2022,2010,Infraestrutura e serviços urbanos / 2010 / Infraestrutura,Infraestrutura e serviços urbanos,Domicílios sem bueiro,Infraestrutura,Total de domicílios,Total,Porcentagem em relação ao total de domicílios,% em relação ao total de domicílios,sim,Domicílios particulares permanentes – Não existe bueiro/boca-de-lobo,https://raw.githubusercontent.com/cem-usp/georedus_metodologia/refs/heads/main/censo/2010/ent_bue_dom_tot_dom_pct.md
222,,ibge_malha_br_setor_censitario_2010,cem_censo_2010_rel,ent_bue_dom_ren_12sm_pct,ent_bue_dom_tot_dom_pct,cem_censo_2010_2022,2010,Infraestrutura e serviços urbanos / 2010 / Infraestrutura,Infraestrutura e serviços urbanos,Domicílios sem bueiro,Infraestrutura,1 a 2 salários mínimos,Renda dos responsáveis,Porcentagem em relação ao total de domicílios,% em relação ao total de domicílios,,Domicílios particulares permanentes com rendimento nominal mensal domiciliar per capita 1 a 2 SM – Não existe bueiro/boca-de-lobo,https://raw.githubusercontent.com/cem-usp/georedus_metodologia/refs/heads/main/censo/2010/ent_bue_dom_tot_dom_pct.md
223,,ibge_malha_br_setor_censitario_2010,cem_censo_2010_rel,ent_bue_dom_ren_1sm_pct,ent_bue_dom_tot_dom_pct,cem_censo_2010_2022,2010,Infraestrutura e serviços urbanos / 2010 / Infraestrutura,Infraestrutura e serviços urbanos,Domicílios sem bueiro,Infraestrutura,1/2 a 1 salário mínimo,Renda dos responsáveis,Porcentagem em relação ao total de domicílios,% em relação ao total de domicílios,,Domicílios particulares permanentes com rendimento nominal mensal domiciliar per capita 1/2 a 1 SM – Não existe bueiro/boca-de-lobo,https://raw.githubusercontent.com/cem-usp/georedus_metodologia/refs/heads/main/censo/2010/ent_bue_dom_tot_dom_pct.md
224,,ibge_malha_br_setor_censitario_2010,cem_censo_2010_rel,ent_bue_dom_ren_meiosm_pct,ent_bue_dom_tot_dom_pct,cem_censo_2010_2022,2010,Infraestrutura e serviços urbanos / 2010 / Infraestrutura,Infraestrutura e serviços urbanos,Domicílios sem bueiro,Infraestrutura,Até 1/2 salário mínimo,Renda dos responsáveis,Porcentagem em relação ao total de domicílios,% em relação ao total de domicílios,,Domicílios particulares permanentes com rendimento nominal mensal domiciliar per capita até 1/2 do SM – Não existe bueiro/boca-de-lobo,https://raw.githubusercontent.com/cem-usp/georedus_metodologia/refs/heads/main/censo/2010/ent_bue_dom_tot_dom_pct.md
225,,ibge_malha_br_setor_censitario_2010,cem_censo_2010_rel,ent_bue_dom_ren_2sm_pct,ent_bue_dom_tot_dom_pct,cem_censo_2010_2022,2010,Infraestrutura e serviços urbanos / 2010 / Infraestrutura,Infraestrutura e serviços urbanos,Domicílios sem bueiro,Infraestrutura,Mais de 2 salários mínimos,Renda dos responsáveis,Porcentagem em relação ao total de domicílios,% em relação ao total de domicílios,,Domicílios particulares permanentes com rendimento nominal mensal domiciliar per capita maior que 2 SM – Não existe bueiro/boca-de-lobo,https://raw.githubusercontent.com/cem-usp/georedus_metodologia/refs/heads/main/censo/2010/ent_bue_dom_tot_dom_pct.md
226,,ibge_malha_br_setor_censitario_2010,cem_censo_2010_rel,ent_bue_dom_sex_fem_res_pct,ent_bue_dom_tot_dom_pct,cem_censo_2010_2022,2010,Infraestrutura e serviços urbanos / 2010 / Infraestrutura,Infraestrutura e serviços urbanos,Domicílios sem bueiro,Infraestrutura,Mulheres,Sexo dos responsáveis,Porcentagem em relação ao total de domicílios com mulheres responsáveis,% em relação ao total de domicílios com mulheres responsáveis,,Domicílios particulares permanentes com responsável do sexo feminino – Não existe bueiro/boca-de-lobo,https://raw.githubusercontent.com/cem-usp/georedus_metodologia/refs/heads/main/censo/2010/ent_bue_dom_tot_dom_pct.md
227,,ibge_malha_br_setor_censitario_2010,cem_censo_2010_rel,ent_bue_dom_sex_mas_res_pct,ent_bue_dom_tot_dom_pct,cem_censo_2010_2022,2010,Infraestrutura e serviços urbanos / 2010 / Infraestrutura,Infraestrutura e serviços urbanos,Domicílios sem bueiro,Infraestrutura,Homens,Sexo dos responsáveis,Porcentagem em relação ao total de domicílios com homens responsáveis,% em relação ao total de domicílios com homens responsáveis,,Domicílios particulares permanentes com responsável do sexo masculino – Não existe bueiro/boca-de-lobo,https://raw.githubusercontent.com/cem-usp/georedus_metodologia/refs/heads/main/censo/2010/ent_bue_dom_tot_dom_pct.md
228,,ibge_malha_br_setor_censitario_2010,cem_censo_2010_rel,ent_bue_mor_tot_dom_pct,ent_bue_dom_tot_dom_pct,cem_censo_2010_2022,2010,Infraestrutura e serviços urbanos / 2010 / Infraestrutura,Infraestrutura e serviços urbanos,Domicílios sem bueiro,Infraestrutura,Total de moradores,Total,Porcentagem em relação ao total de moradores,% em relação ao total de moradores,,Moradores em domicílios particulares permanentes – Não existe bueiro/boca-de-lobo,https://raw.githubusercontent.com/cem-usp/georedus_metodologia/refs/heads/main/censo/2010/ent_bue_dom_tot_dom_pct.md
229,,ibge_malha_br_setor_censitario_2010,cem_censo_2010_rel,ent_bue_mor_ren_12sm_pct,ent_bue_dom_tot_dom_pct,cem_censo_2010_2022,2010,Infraestrutura e serviços urbanos / 2010 / Infraestrutura,Infraestrutura e serviços urbanos,Domicílios sem bueiro,Infraestrutura,1 a 2 salários mínimos,Renda dos moradores,Porcentagem em relação ao total de moradores,% em relação ao total de moradores,,Moradores em domicílios particulares permanentes com rendimento nominal mensal domiciliar per capita 1 a 2 SM – Não existe bueiro/boca-de-lobo,https://raw.githubusercontent.com/cem-usp/georedus_metodologia/refs/heads/main/censo/2010/ent_bue_dom_tot_dom_pct.md
230,,ibge_malha_br_setor_censitario_2010,cem_censo_2010_rel,ent_bue_mor_ren_1sm_pct,ent_bue_dom_tot_dom_pct,cem_censo_2010_2022,2010,Infraestrutura e serviços urbanos / 2010 / Infraestrutura,Infraestrutura e serviços urbanos,Domicílios sem bueiro,Infraestrutura,1/2 a 1 salário mínimo,Renda dos moradores,Porcentagem em relação ao total de moradores,% em relação ao total de moradores,,Moradores em domicílios particulares permanentes com rendimento nominal mensal domiciliar per capita 1/2 a 1 SM – Não existe bueiro/boca-de-lobo,https://raw.githubusercontent.com/cem-usp/georedus_metodologia/refs/heads/main/censo/2010/ent_bue_dom_tot_dom_pct.md
231,,ibge_malha_br_setor_censitario_2010,cem_censo_2010_rel,ent_bue_mor_ren_meiosm_pct,ent_bue_dom_tot_dom_pct,cem_censo_2010_2022,2010,Infraestrutura e serviços urbanos / 2010 / Infraestrutura,Infraestrutura e serviços urbanos,Domicílios sem bueiro,Infraestrutura,Até 1/2 salário mínimo,Renda dos moradores,Porcentagem em relação ao total de moradores,% em relação ao total de moradores,,Moradores em domicílios particulares permanentes com rendimento nominal mensal domiciliar per capita até 1/2 do SM – Não existe bueiro/boca-de-lobo,https://raw.githubusercontent.com/cem-usp/georedus_metodologia/refs/heads/main/censo/2010/ent_bue_dom_tot_dom_pct.md
232,,ibge_malha_br_setor_censitario_2010,cem_censo_2010_rel,ent_bue_mor_ren_2sm_pct,ent_bue_dom_tot_dom_pct,cem_censo_2010_2022,2010,Infraestrutura e serviços urbanos / 2010 / Infraestrutura,Infraestrutura e serviços urbanos,Domicílios sem bueiro,Infraestrutura,Mais de 2 salários mínimos,Renda dos moradores,Porcentagem em relação ao total de moradores,% em relação ao total de moradores,,Moradores em domicílios particulares permanentes com rendimento nominal mensal domiciliar per capita maior que 2 SM – Não existe bueiro/boca-de-lobo,https://raw.githubusercontent.com/cem-usp/georedus_metodologia/refs/heads/main/censo/2010/ent_bue_dom_tot_dom_pct.md
233,,ibge_malha_br_setor_censitario_2010,cem_censo_2010_rel,ent_bue_mor_sex_fem_res_pct,ent_bue_dom_tot_dom_pct,cem_censo_2010_2022,2010,Infraestrutura e serviços urbanos / 2010 / Infraestrutura,Infraestrutura e serviços urbanos,Domicílios sem bueiro,Infraestrutura,Mulheres,Sexo dos responsáveis,Porcentagem em relação ao total de moradores em domicílios com mulheres responsáveis,% em relação ao total de moradores em domicílios com mulheres responsáveis,,Moradores em domicílios particulares permanentes com responsável do sexo feminino – Não existe bueiro/boca-de-lobo,https://raw.githubusercontent.com/cem-usp/georedus_metodologia/refs/heads/main/censo/2010/ent_bue_dom_tot_dom_pct.md
234,,ibge_malha_br_setor_censitario_2010,cem_censo_2010_rel,ent_bue_mor_sex_mas_res_pct,ent_bue_dom_tot_dom_pct,cem_censo_2010_2022,2010,Infraestrutura e serviços urbanos / 2010 / Infraestrutura,Infraestrutura e serviços urbanos,Domicílios sem bueiro,Infraestrutura,Homens,Sexo dos responsáveis,Porcentagem em relação ao total de moradores em domicílios com homens responsáveis,% em relação ao total de moradores em domicílios com homens responsáveis,,Moradores em domicílios particulares permanentes com responsável do sexo masculino – Não existe bueiro/boca-de-lobo,https://raw.githubusercontent.com/cem-usp/georedus_metodologia/refs/heads/main/censo/2010/ent_bue_dom_tot_dom_pct.md
235,,ibge_malha_br_setor_censitario_2010,cem_censo_2010_rel,ent_bue_mor_cor_ama_pct,ent_bue_dom_tot_dom_pct,cem_censo_2010_2022,2010,Infraestrutura e serviços urbanos / 2010 / Infraestrutura,Infraestrutura e serviços urbanos,Domicílios sem bueiro,Infraestrutura,Pessoas amarelas,Cor dos moradores,Porcentagem em relação ao total de moradores,% em relação ao total de moradores,,Moradores em domicílios particulares permanentes de cor ou raça amarela – Não existe bueiro/boca-de-lobo,https://raw.githubusercontent.com/cem-usp/georedus_metodologia/refs/heads/main/censo/2010/ent_bue_dom_tot_dom_pct.md
236,,ibge_malha_br_setor_censitario_2010,cem_censo_2010_rel,ent_bue_mor_cor_bra_pct,ent_bue_dom_tot_dom_pct,cem_censo_2010_2022,2010,Infraestrutura e serviços urbanos / 2010 / Infraestrutura,Infraestrutura e serviços urbanos,Domicílios sem bueiro,Infraestrutura,Pessoas brancas,Cor dos moradores,Porcentagem em relação ao total de moradores,% em relação ao total de moradores,,Moradores em domicílios particulares permanentes de cor ou raça branca – Não existe bueiro/boca-de-lobo,https://raw.githubusercontent.com/cem-usp/georedus_metodologia/refs/heads/main/censo/2010/ent_bue_dom_tot_dom_pct.md
237,,ibge_malha_br_setor_censitario_2010,cem_censo_2010_rel,ent_bue_mor_cor_ind_pct,ent_bue_dom_tot_dom_pct,cem_censo_2010_2022,2010,Infraestrutura e serviços urbanos / 2010 / Infraestrutura,Infraestrutura e serviços urbanos,Domicílios sem bueiro,Infraestrutura,Pessoas indígenas,Cor dos moradores,Porcentagem em relação ao total de moradores,% em relação ao total de moradores,,Moradores em domicílios particulares permanentes de cor ou raça indígena – Não existe bueiro/boca-de-lobo,https://raw.githubusercontent.com/cem-usp/georedus_metodologia/refs/heads/main/censo/2010/ent_bue_dom_tot_dom_pct.md
238,,ibge_malha_br_setor_censitario_2010,cem_censo_2010_rel,ent_bue_mor_cor_neg_pct,ent_bue_dom_tot_dom_pct,cem_censo_2010_2022,2010,Infraestrutura e serviços urbanos / 2010 / Infraestrutura,Infraestrutura e serviços urbanos,Domicílios sem bueiro,Infraestrutura,Pessoas negras,Cor dos moradores,Porcentagem em relação ao total de moradores,% em relação ao total de moradores,,Moradores em domicílios particulares permanentes de cor ou raça preta ou parda – Não existe bueiro/boca-de-lobo,https://raw.githubusercontent.com/cem-usp/georedus_metodologia/refs/heads/main/censo/2010/ent_bue_dom_tot_dom_pct.md
239,,ibge_malha_br_setor_censitario_2010,cem_censo_2010_rel,ent_cal_dom_tot_dom_pct,ent_cal_dom_tot_dom_pct,cem_censo_2010_2022,2010,Infraestrutura e serviços urbanos / 2010 / Infraestrutura,Infraestrutura e serviços urbanos,Domicílios com esgoto a céu aberto,Infraestrutura,Total de domicílios,Total,Porcentagem em relação ao total de domicílios,% em relação ao total de domicílios,sim,Domicílios particulares permanentes – Existe esgoto a céu aberto,https://raw.githubusercontent.com/cem-usp/georedus_metodologia/refs/heads/main/censo/2010/ent_cal_dom_tot_dom_pct.md
240,,ibge_malha_br_setor_censitario_2010,cem_censo_2010_rel,ent_esg_dom_ren_12sm_pct,ent_cal_dom_tot_dom_pct,cem_censo_2010_2022,2010,Infraestrutura e serviços urbanos / 2010 / Infraestrutura,Infraestrutura e serviços urbanos,Domicílios com esgoto a céu aberto,Infraestrutura,1 a 2 salários mínimos,Renda dos responsáveis,Porcentagem em relação ao total de domicílios,% em relação ao total de domicílios,,Domicílios particulares permanentes com rendimento nominal mensal domiciliar per capita 1 a 2 do SM – Existe esgoto a céu aberto,https://raw.githubusercontent.com/cem-usp/georedus_metodologia/refs/heads/main/censo/2010/ent_cal_dom_tot_dom_pct.md
241,,ibge_malha_br_setor_censitario_2010,cem_censo_2010_rel,ent_esg_dom_ren_1sm_pct,ent_cal_dom_tot_dom_pct,cem_censo_2010_2022,2010,Infraestrutura e serviços urbanos / 2010 / Infraestrutura,Infraestrutura e serviços urbanos,Domicílios com esgoto a céu aberto,Infraestrutura,1/2 a 1 salário mínimo,Renda dos responsáveis,Porcentagem em relação ao total de domicílios,% em relação ao total de domicílios,,Domicílios particulares permanentes com rendimento nominal mensal domiciliar per capita 1/2 a 1 SM – Existe esgoto a céu aberto,https://raw.githubusercontent.com/cem-usp/georedus_metodologia/refs/heads/main/censo/2010/ent_cal_dom_tot_dom_pct.md
242,,ibge_malha_br_setor_censitario_2010,cem_censo_2010_rel,ent_esg_dom_ren_meiosm_pct,ent_cal_dom_tot_dom_pct,cem_censo_2010_2022,2010,Infraestrutura e serviços urbanos / 2010 / Infraestrutura,Infraestrutura e serviços urbanos,Domicílios com esgoto a céu aberto,Infraestrutura,Até 1/2 salário mínimo,Renda dos responsáveis,Porcentagem em relação ao total de domicílios,% em relação ao total de domicílios,,Domicílios particulares permanentes com rendimento nominal mensal domiciliar per capita até 1/2 do SM – Existe esgoto a céu aberto,https://raw.githubusercontent.com/cem-usp/georedus_metodologia/refs/heads/main/censo/2010/ent_cal_dom_tot_dom_pct.md
243,,ibge_malha_br_setor_censitario_2010,cem_censo_2010_rel,ent_esg_dom_ren_2sm_pct,ent_cal_dom_tot_dom_pct,cem_censo_2010_2022,2010,Infraestrutura e serviços urbanos / 2010 / Infraestrutura,Infraestrutura e serviços urbanos,Domicílios com esgoto a céu aberto,Infraestrutura,Mais de 2 salários mínimos,Renda dos responsáveis,Porcentagem em relação ao total de domicílios,% em relação ao total de domicílios,,Domicílios particulares permanentes com rendimento nominal mensal domiciliar per capita maior que 2 SM – Existe esgoto a céu aberto,https://raw.githubusercontent.com/cem-usp/georedus_metodologia/refs/heads/main/censo/2010/ent_cal_dom_tot_dom_pct.md
244,,ibge_malha_br_setor_censitario_2010,cem_censo_2010_rel,ent_esg_dom_sex_fem_res_pct,ent_cal_dom_tot_dom_pct,cem_censo_2010_2022,2010,Infraestrutura e serviços urbanos / 2010 / Infraestrutura,Infraestrutura e serviços urbanos,Domicílios com esgoto a céu aberto,Infraestrutura,Mulheres,Sexo dos responsáveis,Porcentagem em relação ao total de domicílios com mulheres responsáveis,% em relação ao total de domicílios com mulheres responsáveis,,Domicílios particulares permanentes com responsável do sexo feminino – Existe esgoto a céu aberto,https://raw.githubusercontent.com/cem-usp/georedus_metodologia/refs/heads/main/censo/2010/ent_cal_dom_tot_dom_pct.md
245,,ibge_malha_br_setor_censitario_2010,cem_censo_2010_rel,ent_esg_dom_sex_mas_res_pct,ent_cal_dom_tot_dom_pct,cem_censo_2010_2022,2010,Infraestrutura e serviços urbanos / 2010 / Infraestrutura,Infraestrutura e serviços urbanos,Domicílios com esgoto a céu aberto,Infraestrutura,Homens,Sexo dos responsáveis,Porcentagem em relação ao total de domicílios com homens responsáveis,% em relação ao total de domicílios com homens responsáveis,,Domicílios particulares permanentes com responsável do sexo masculino – Existe esgoto a céu aberto,https://raw.githubusercontent.com/cem-usp/georedus_metodologia/refs/heads/main/censo/2010/ent_cal_dom_tot_dom_pct.md
246,,ibge_malha_br_setor_censitario_2010,cem_censo_2010_rel,ent_esg_mor_tot_dom_pct,ent_cal_dom_tot_dom_pct,cem_censo_2010_2022,2010,Infraestrutura e serviços urbanos / 2010 / Infraestrutura,Infraestrutura e serviços urbanos,Domicílios com esgoto a céu aberto,Infraestrutura,Total de moradores,Total,Porcentagem em relação ao total de moradores,% em relação ao total de moradores,,Moradores em domicílios particulares permanentes – Existe esgoto a céu aberto,https://raw.githubusercontent.com/cem-usp/georedus_metodologia/refs/heads/main/censo/2010/ent_cal_dom_tot_dom_pct.md
247,,ibge_malha_br_setor_censitario_2010,cem_censo_2010_rel,ent_esg_mor_ren_12sm_pct,ent_cal_dom_tot_dom_pct,cem_censo_2010_2022,2010,Infraestrutura e serviços urbanos / 2010 / Infraestrutura,Infraestrutura e serviços urbanos,Domicílios com esgoto a céu aberto,Infraestrutura,1 a 2 salários mínimos,Renda dos moradores,Porcentagem em relação ao total de moradores,% em relação ao total de moradores,,Moradores em domicílios particulares permanentes com rendimento nominal mensal domiciliar per capita 1 a 2 SM – Existe esgoto a céu aberto,https://raw.githubusercontent.com/cem-usp/georedus_metodologia/refs/heads/main/censo/2010/ent_cal_dom_tot_dom_pct.md
248,,ibge_malha_br_setor_censitario_2010,cem_censo_2010_rel,ent_esg_mor_ren_1sm_pct,ent_cal_dom_tot_dom_pct,cem_censo_2010_2022,2010,Infraestrutura e serviços urbanos / 2010 / Infraestrutura,Infraestrutura e serviços urbanos,Domicílios com esgoto a céu aberto,Infraestrutura,1/2 a 1 salário mínimo,Renda dos moradores,Porcentagem em relação ao total de moradores,% em relação ao total de moradores,,Moradores em domicílios particulares permanentes com rendimento nominal mensal domiciliar per capita 1/2 a 1 SM – Existe esgoto a céu aberto,https://raw.githubusercontent.com/cem-usp/georedus_metodologia/refs/heads/main/censo/2010/ent_cal_dom_tot_dom_pct.md
249,,ibge_malha_br_setor_censitario_2010,cem_censo_2010_rel,ent_esg_mor_ren_meiosm_pct,ent_cal_dom_tot_dom_pct,cem_censo_2010_2022,2010,Infraestrutura e serviços urbanos / 2010 / Infraestrutura,Infraestrutura e serviços urbanos,Domicílios com esgoto a céu aberto,Infraestrutura,Até 1/2 salário mínimo,Renda dos moradores,Porcentagem em relação ao total de moradores,% em relação ao total de moradores,,Moradores em domicílios particulares permanentes com rendimento nominal mensal domiciliar per capita até 1/2 do SM – Existe esgoto a céu aberto,https://raw.githubusercontent.com/cem-usp/georedus_metodologia/refs/heads/main/censo/2010/ent_cal_dom_tot_dom_pct.md
250,,ibge_malha_br_setor_censitario_2010,cem_censo_2010_rel,ent_esg_mor_ren_2sm_pct,ent_cal_dom_tot_dom_pct,cem_censo_2010_2022,2010,Infraestrutura e serviços urbanos / 2010 / Infraestrutura,Infraestrutura e serviços urbanos,Domicílios com esgoto a céu aberto,Infraestrutura,Mais de 2 salários mínimos,Renda dos moradores,Porcentagem em relação ao total de moradores,% em relação ao total de moradores,,Moradores em domicílios particulares permanentes com rendimento nominal mensal domiciliar per capita maior que 2 SM – Existe esgoto a céu aberto,https://raw.githubusercontent.com/cem-usp/georedus_metodologia/refs/heads/main/censo/2010/ent_cal_dom_tot_dom_pct.md
251,,ibge_malha_br_setor_censitario_2010,cem_censo_2010_rel,ent_esg_mor_sex_fem_res_pct,ent_cal_dom_tot_dom_pct,cem_censo_2010_2022,2010,Infraestrutura e serviços urbanos / 2010 / Infraestrutura,Infraestrutura e serviços urbanos,Domicílios com esgoto a céu aberto,Infraestrutura,Mulheres,Sexo dos responsáveis,Porcentagem em relação ao total de moradores em domicílios com mulheres responsáveis,% em relação ao total de moradores em domicílios com mulheres responsáveis,,Moradores em domicílios particulares permanentes com responsável do sexo feminino – Existe esgoto a céu aberto,https://raw.githubusercontent.com/cem-usp/georedus_metodologia/refs/heads/main/censo/2010/ent_cal_dom_tot_dom_pct.md
252,,ibge_malha_br_setor_censitario_2010,cem_censo_2010_rel,ent_esg_mor_sex_mas_res_pct,ent_cal_dom_tot_dom_pct,cem_censo_2010_2022,2010,Infraestrutura e serviços urbanos / 2010 / Infraestrutura,Infraestrutura e serviços urbanos,Domicílios com esgoto a céu aberto,Infraestrutura,Homens,Sexo dos responsáveis,Porcentagem em relação ao total de moradores em domicílios com homens responsáveis,% em relação ao total de moradores em domicílios com homens responsáveis,,Moradores em domicílios particulares permanentes com responsável do sexo masculino – Existe esgoto a céu aberto,https://raw.githubusercontent.com/cem-usp/georedus_metodologia/refs/heads/main/censo/2010/ent_cal_dom_tot_dom_pct.md
253,,ibge_malha_br_setor_censitario_2010,cem_censo_2010_rel,ent_esg_mor_cor_ama_pct,ent_cal_dom_tot_dom_pct,cem_censo_2010_2022,2010,Infraestrutura e serviços urbanos / 2010 / Infraestrutura,Infraestrutura e serviços urbanos,Domicílios com esgoto a céu aberto,Infraestrutura,Pessoas amarelas,Cor dos moradores,Porcentagem em relação ao total de moradores,% em relação ao total de moradores,,Moradores em domicílios particulares permanentes de cor ou raça amarela – Existe esgoto a céu aberto,https://raw.githubusercontent.com/cem-usp/georedus_metodologia/refs/heads/main/censo/2010/ent_cal_dom_tot_dom_pct.md
254,,ibge_malha_br_setor_censitario_2010,cem_censo_2010_rel,ent_esg_mor_cor_bra_pct,ent_cal_dom_tot_dom_pct,cem_censo_2010_2022,2010,Infraestrutura e serviços urbanos / 2010 / Infraestrutura,Infraestrutura e serviços urbanos,Domicílios com esgoto a céu aberto,Infraestrutura,Pessoas brancas,Cor dos moradores,Porcentagem em relação ao total de moradores,% em relação ao total de moradores,,Moradores em domicílios particulares permanentes de cor ou raça branca – Existe esgoto a céu aberto,https://raw.githubusercontent.com/cem-usp/georedus_metodologia/refs/heads/main/censo/2010/ent_cal_dom_tot_dom_pct.md
255,,ibge_malha_br_setor_censitario_2010,cem_censo_2010_rel,ent_esg_mor_cor_ind_pct,ent_cal_dom_tot_dom_pct,cem_censo_2010_2022,2010,Infraestrutura e serviços urbanos / 2010 / Infraestrutura,Infraestrutura e serviços urbanos,Domicílios com esgoto a céu aberto,Infraestrutura,Pessoas indígenas,Cor dos moradores,Porcentagem em relação ao total de moradores,% em relação ao total de moradores,,Moradores em domicílios particulares permanentes de cor ou raça indígena – Existe esgoto a céu aberto,https://raw.githubusercontent.com/cem-usp/georedus_metodologia/refs/heads/main/censo/2010/ent_cal_dom_tot_dom_pct.md
256,,ibge_malha_br_setor_censitario_2010,cem_censo_2010_rel,ent_esg_mor_cor_neg_pct,ent_cal_dom_tot_dom_pct,cem_censo_2010_2022,2010,Infraestrutura e serviços urbanos / 2010 / Infraestrutura,Infraestrutura e serviços urbanos,Domicílios com esgoto a céu aberto,Infraestrutura,Pessoas negras,Cor dos moradores,Porcentagem em relação ao total de moradores,% em relação ao total de moradores,,Moradores em domicílios particulares permanentes de cor ou raça preta ou parda – Existe esgoto a céu aberto,https://raw.githubusercontent.com/cem-usp/georedus_metodologia/refs/heads/main/censo/2010/ent_cal_dom_tot_dom_pct.md
257,,ibge_malha_br_setor_censitario_2010,cem_censo_2010_rel,ent_lix_dom_tot_dom_pct,ent_lix_dom_tot_dom_pct,cem_censo_2010_2022,2010,Infraestrutura e serviços urbanos / 2010 / Serviços urbanos,Infraestrutura e serviços urbanos,Domicílios com lixo acumulado na rua,Serviços urbanos,Total de domicílios,Total,Porcentagem em relação ao total de domicílios,% em relação ao total de domicílios,sim,Domicílios particulares permanentes – Existe lixo acumulado nos logradouros,https://raw.githubusercontent.com/cem-usp/georedus_metodologia/refs/heads/main/censo/2010/ent_lix_dom_tot_dom_pct.md
258,,ibge_malha_br_setor_censitario_2010,cem_censo_2010_rel,ent_lix_dom_ren_12sm_pct,ent_lix_dom_tot_dom_pct,cem_censo_2010_2022,2010,Infraestrutura e serviços urbanos / 2010 / Serviços urbanos,Infraestrutura e serviços urbanos,Domicílios com lixo acumulado na rua,Serviços urbanos,1 a 2 salários mínimos,Renda dos responsáveis,Porcentagem em relação ao total de domicílios,% em relação ao total de domicílios,,Domicílios particulares permanentes com rendimento nominal mensal domiciliar per capita 1 a 2 do SM – Existe lixo acumulado nos logradouros,https://raw.githubusercontent.com/cem-usp/georedus_metodologia/refs/heads/main/censo/2010/ent_lix_dom_tot_dom_pct.md
259,,ibge_malha_br_setor_censitario_2010,cem_censo_2010_rel,ent_lix_dom_ren_1sm_pct,ent_lix_dom_tot_dom_pct,cem_censo_2010_2022,2010,Infraestrutura e serviços urbanos / 2010 / Serviços urbanos,Infraestrutura e serviços urbanos,Domicílios com lixo acumulado na rua,Serviços urbanos,1/2 a 1 salário mínimo,Renda dos responsáveis,Porcentagem em relação ao total de domicílios,% em relação ao total de domicílios,,Domicílios particulares permanentes com rendimento nominal mensal domiciliar per capita 1/2 a 1 SM – Existe lixo acumulado nos logradouros,https://raw.githubusercontent.com/cem-usp/georedus_metodologia/refs/heads/main/censo/2010/ent_lix_dom_tot_dom_pct.md
260,,ibge_malha_br_setor_censitario_2010,cem_censo_2010_rel,ent_lix_dom_ren_meiosm_pct,ent_lix_dom_tot_dom_pct,cem_censo_2010_2022,2010,Infraestrutura e serviços urbanos / 2010 / Serviços urbanos,Infraestrutura e serviços urbanos,Domicílios com lixo acumulado na rua,Serviços urbanos,Até 1/2 salário mínimo,Renda dos responsáveis,Porcentagem em relação ao total de domicílios,% em relação ao total de domicílios,,Domicílios particulares permanentes com rendimento nominal mensal domiciliar per capita até 1/2 do SM – Existe lixo acumulado nos logradouros,https://raw.githubusercontent.com/cem-usp/georedus_metodologia/refs/heads/main/censo/2010/ent_lix_dom_tot_dom_pct.md
261,,ibge_malha_br_setor_censitario_2010,cem_censo_2010_rel,ent_lix_dom_ren_2sm_pct,ent_lix_dom_tot_dom_pct,cem_censo_2010_2022,2010,Infraestrutura e serviços urbanos / 2010 / Serviços urbanos,Infraestrutura e serviços urbanos,Domicílios com lixo acumulado na rua,Serviços urbanos,Mais de 2 salários mínimos,Renda dos responsáveis,Porcentagem em relação ao total de domicílios,% em relação ao total de domicílios,,Domicílios particulares permanentes com rendimento nominal mensal domiciliar per capita maior que 2 SM – Existe lixo acumulado nos logradouros,https://raw.githubusercontent.com/cem-usp/georedus_metodologia/refs/heads/main/censo/2010/ent_lix_dom_tot_dom_pct.md
262,,ibge_malha_br_setor_censitario_2010,cem_censo_2010_rel,ent_lix_dom_sex_fem_res_pct,ent_lix_dom_tot_dom_pct,cem_censo_2010_2022,2010,Infraestrutura e serviços urbanos / 2010 / Serviços urbanos,Infraestrutura e serviços urbanos,Domicílios com lixo acumulado na rua,Serviços urbanos,Mulheres,Sexo dos responsáveis,Porcentagem em relação ao total de domicílios com mulheres responsáveis,% em relação ao total de domicílios com mulheres responsáveis,,Domicílios particulares permanentes com responsável do sexo feminino – Existe lixo acumulado nos logradouros,https://raw.githubusercontent.com/cem-usp/georedus_metodologia/refs/heads/main/censo/2010/ent_lix_dom_tot_dom_pct.md
263,,ibge_malha_br_setor_censitario_2010,cem_censo_2010_rel,ent_lix_dom_sex_mas_res_pct,ent_lix_dom_tot_dom_pct,cem_censo_2010_2022,2010,Infraestrutura e serviços urbanos / 2010 / Serviços urbanos,Infraestrutura e serviços urbanos,Domicílios com lixo acumulado na rua,Serviços urbanos,Homens,Sexo dos responsáveis,Porcentagem em relação ao total de domicílios com homens responsáveis,% em relação ao total de domicílios com homens responsáveis,,Domicílios particulares permanentes com responsável do sexo masculino – Existe lixo acumulado nos logradouros,https://raw.githubusercontent.com/cem-usp/georedus_metodologia/refs/heads/main/censo/2010/ent_lix_dom_tot_dom_pct.md
264,,ibge_malha_br_setor_censitario_2010,cem_censo_2010_rel,ent_lix_mor_tot_dom_pct,ent_lix_dom_tot_dom_pct,cem_censo_2010_2022,2010,Infraestrutura e serviços urbanos / 2010 / Serviços urbanos,Infraestrutura e serviços urbanos,Domicílios com lixo acumulado na rua,Serviços urbanos,Total de moradores,Total,Porcentagem em relação ao total de moradores,% em relação ao total de moradores,,Moradores em domicílios particulares permanentes – Existe lixo acumulado nos logradouros,https://raw.githubusercontent.com/cem-usp/georedus_metodologia/refs/heads/main/censo/2010/ent_lix_dom_tot_dom_pct.md
265,,ibge_malha_br_setor_censitario_2010,cem_censo_2010_rel,ent_lix_mor_ren_12sm_pct,ent_lix_dom_tot_dom_pct,cem_censo_2010_2022,2010,Infraestrutura e serviços urbanos / 2010 / Serviços urbanos,Infraestrutura e serviços urbanos,Domicílios com lixo acumulado na rua,Serviços urbanos,1 a 2 salários mínimos,Renda dos moradores,Porcentagem em relação ao total de moradores,% em relação ao total de moradores,,Moradores em domicílios particulares permanentes com rendimento nominal mensal domiciliar per capita 1 a 2 do SM – Existe lixo acumulado nos logradouros,https://raw.githubusercontent.com/cem-usp/georedus_metodologia/refs/heads/main/censo/2010/ent_lix_dom_tot_dom_pct.md
266,,ibge_malha_br_setor_censitario_2010,cem_censo_2010_rel,ent_lix_mor_ren_1sm_pct,ent_lix_dom_tot_dom_pct,cem_censo_2010_2022,2010,Infraestrutura e serviços urbanos / 2010 / Serviços urbanos,Infraestrutura e serviços urbanos,Domicílios com lixo acumulado na rua,Serviços urbanos,1/2 a 1 salário mínimo,Renda dos moradores,Porcentagem em relação ao total de moradores,% em relação ao total de moradores,,Moradores em domicílios particulares permanentes com rendimento nominal mensal domiciliar per capita 1/2 a 1 SM – Existe lixo acumulado nos logradouros,https://raw.githubusercontent.com/cem-usp/georedus_metodologia/refs/heads/main/censo/2010/ent_lix_dom_tot_dom_pct.md
267,,ibge_malha_br_setor_censitario_2010,cem_censo_2010_rel,ent_lix_mor_ren_meiosm_pct,ent_lix_dom_tot_dom_pct,cem_censo_2010_2022,2010,Infraestrutura e serviços urbanos / 2010 / Serviços urbanos,Infraestrutura e serviços urbanos,Domicílios com lixo acumulado na rua,Serviços urbanos,Até 1/2 salário mínimo,Renda dos moradores,Porcentagem em relação ao total de moradores,% em relação ao total de moradores,,Moradores em domicílios particulares permanentes com rendimento nominal mensal domiciliar per capita até 1/2 do SM – Existe lixo acumulado nos logradouros,https://raw.githubusercontent.com/cem-usp/georedus_metodologia/refs/heads/main/censo/2010/ent_lix_dom_tot_dom_pct.md
268,,ibge_malha_br_setor_censitario_2010,cem_censo_2010_rel,ent_lix_mor_ren_2sm_pct,ent_lix_dom_tot_dom_pct,cem_censo_2010_2022,2010,Infraestrutura e serviços urbanos / 2010 / Serviços urbanos,Infraestrutura e serviços urbanos,Domicílios com lixo acumulado na rua,Serviços urbanos,Mais de 2 salários mínimos,Renda dos moradores,Porcentagem em relação ao total de moradores,% em relação ao total de moradores,,Moradores em domicílios particulares permanentes com rendimento nominal mensal domiciliar per capita maior que 2 SM – Existe lixo acumulado nos logradouros,https://raw.githubusercontent.com/cem-usp/georedus_metodologia/refs/heads/main/censo/2010/ent_lix_dom_tot_dom_pct.md
269,,ibge_malha_br_setor_censitario_2010,cem_censo_2010_rel,ent_lix_mor_sex_fem_res_pct,ent_lix_dom_tot_dom_pct,cem_censo_2010_2022,2010,Infraestrutura e serviços urbanos / 2010 / Serviços urbanos,Infraestrutura e serviços urbanos,Domicílios com lixo acumulado na rua,Serviços urbanos,Mulheres,Sexo dos responsáveis,Porcentagem em relação ao total de moradores em domicílios com mulheres responsáveis,% em relação ao total de moradores em domicílios com mulheres responsáveis,,Moradores em domicílios particulares permanentes com responsável do sexo feminino – Existe lixo acumulado nos logradouros,https://raw.githubusercontent.com/cem-usp/georedus_metodologia/refs/heads/main/censo/2010/ent_lix_dom_tot_dom_pct.md
270,,ibge_malha_br_setor_censitario_2010,cem_censo_2010_rel,ent_lix_mor_sex_mas_res_pct,ent_lix_dom_tot_dom_pct,cem_censo_2010_2022,2010,Infraestrutura e serviços urbanos / 2010 / Serviços urbanos,Infraestrutura e serviços urbanos,Domicílios com lixo acumulado na rua,Serviços urbanos,Homens,Sexo dos responsáveis,Porcentagem em relação ao total de moradores em domicílios com homens responsáveis,% em relação ao total de moradores em domicílios com homens responsáveis,,Moradores em domicílios particulares permanentes com responsável do sexo masculino – Existe lixo acumulado nos logradouros,https://raw.githubusercontent.com/cem-usp/georedus_metodologia/refs/heads/main/censo/2010/ent_lix_dom_tot_dom_pct.md
271,,ibge_malha_br_setor_censitario_2010,cem_censo_2010_rel,ent_lix_mor_cor_ama_pct,ent_lix_dom_tot_dom_pct,cem_censo_2010_2022,2010,Infraestrutura e serviços urbanos / 2010 / Serviços urbanos,Infraestrutura e serviços urbanos,Domicílios com lixo acumulado na rua,Serviços urbanos,Pessoas amarelas,Cor dos moradores,Porcentagem em relação ao total de moradores,% em relação ao total de moradores,,Moradores em domicílios particulares permanentes de cor ou raça amarela – Existe lixo acumulado nos logradouros,https://raw.githubusercontent.com/cem-usp/georedus_metodologia/refs/heads/main/censo/2010/ent_lix_dom_tot_dom_pct.md
272,,ibge_malha_br_setor_censitario_2010,cem_censo_2010_rel,ent_lix_mor_cor_bra_pct,ent_lix_dom_tot_dom_pct,cem_censo_2010_2022,2010,Infraestrutura e serviços urbanos / 2010 / Serviços urbanos,Infraestrutura e serviços urbanos,Domicílios com lixo acumulado na rua,Serviços urbanos,Pessoas brancas,Cor dos moradores,Porcentagem em relação ao total de moradores,% em relação ao total de moradores,,Moradores em domicílios particulares permanentes de cor ou raça branca – Existe lixo acumulado nos logradouros,https://raw.githubusercontent.com/cem-usp/georedus_metodologia/refs/heads/main/censo/2010/ent_lix_dom_tot_dom_pct.md
273,,ibge_malha_br_setor_censitario_2010,cem_censo_2010_rel,ent_lix_mor_cor_ind_pct,ent_lix_dom_tot_dom_pct,cem_censo_2010_2022,2010,Infraestrutura e serviços urbanos / 2010 / Serviços urbanos,Infraestrutura e serviços urbanos,Domicílios com lixo acumulado na rua,Serviços urbanos,Pessoas indígenas,Cor dos moradores,Porcentagem em relação ao total de moradores,% em relação ao total de moradores,,Moradores em domicílios particulares permanentes de cor ou raça indígena – Existe lixo acumulado nos logradouros,https://raw.githubusercontent.com/cem-usp/georedus_metodologia/refs/heads/main/censo/2010/ent_lix_dom_tot_dom_pct.md
274,,ibge_malha_br_setor_censitario_2010,cem_censo_2010_rel,ent_lix_mor_cor_neg_pct,ent_lix_dom_tot_dom_pct,cem_censo_2010_2022,2010,Infraestrutura e serviços urbanos / 2010 / Serviços urbanos,Infraestrutura e serviços urbanos,Domicílios com lixo acumulado na rua,Serviços urbanos,Pessoas negras,Cor dos moradores,Porcentagem em relação ao total de moradores,% em relação ao total de moradores,,Moradores em domicílios particulares permanentes de cor ou raça preta ou parda – Existe lixo acumulado nos logradouros,https://raw.githubusercontent.com/cem-usp/georedus_metodologia/refs/heads/main/censo/2010/ent_lix_dom_tot_dom_pct.md
275,,ibge_malha_br_setor_censitario_2010,cem_censo_2010_rel,ent_arb_dom_tot_dom_pct,ent_arb_dom_tot_dom_pct,cem_censo_2010_2022,2010,Infraestrutura e serviços urbanos / 2010 / Infraestrutura,Infraestrutura e serviços urbanos,Domicílios sem arborização,Infraestrutura,Total de domicílios,Total,Porcentagem em relação ao total de domicílios,% em relação ao total de domicílios,sim,Domicílios particulares permanentes – Não existe arborização,https://raw.githubusercontent.com/cem-usp/georedus_metodologia/refs/heads/main/censo/2010/ent_arb_dom_tot_dom_pct.md
276,,ibge_malha_br_setor_censitario_2010,cem_censo_2010_rel,ent_arb_dom_ren_1sm_pct,ent_arb_dom_tot_dom_pct,cem_censo_2010_2022,2010,Infraestrutura e serviços urbanos / 2010 / Infraestrutura,Infraestrutura e serviços urbanos,Domicílios sem arborização,Infraestrutura,1/2 a 1 salário mínimo,Renda dos responsáveis,Porcentagem em relação ao total de domicílios,% em relação ao total de domicílios,,Domicílios particulares permanentes com rendimento nominal mensal domiciliar per capita 1/2 a 1 SM – Não existe arborização,https://raw.githubusercontent.com/cem-usp/georedus_metodologia/refs/heads/main/censo/2010/ent_arb_dom_tot_dom_pct.md
277,,ibge_malha_br_setor_censitario_2010,cem_censo_2010_rel,ent_arb_dom_ren_12sm_pct,ent_arb_dom_tot_dom_pct,cem_censo_2010_2022,2010,Infraestrutura e serviços urbanos / 2010 / Infraestrutura,Infraestrutura e serviços urbanos,Domicílios sem arborização,Infraestrutura,1 a 2 salários mínimos,Renda dos responsáveis,Porcentagem em relação ao total de domicílios,% em relação ao total de domicílios,,Domicílios particulares permanentes com rendimento nominal mensal domiciliar per capita até 1 a 2 SM – Não existe arborização,https://raw.githubusercontent.com/cem-usp/georedus_metodologia/refs/heads/main/censo/2010/ent_arb_dom_tot_dom_pct.md
278,,ibge_malha_br_setor_censitario_2010,cem_censo_2010_rel,ent_arb_dom_ren_meiosm_pct,ent_arb_dom_tot_dom_pct,cem_censo_2010_2022,2010,Infraestrutura e serviços urbanos / 2010 / Infraestrutura,Infraestrutura e serviços urbanos,Domicílios sem arborização,Infraestrutura,Até 1/2 salário mínimo,Renda dos responsáveis,Porcentagem em relação ao total de domicílios,% em relação ao total de domicílios,,Domicílios particulares permanentes com rendimento nominal mensal domiciliar per capita até 1/2 do SM – Não existe arborização,https://raw.githubusercontent.com/cem-usp/georedus_metodologia/refs/heads/main/censo/2010/ent_arb_dom_tot_dom_pct.md
279,,ibge_malha_br_setor_censitario_2010,cem_censo_2010_rel,ent_arb_dom_ren_2sm_pct,ent_arb_dom_tot_dom_pct,cem_censo_2010_2022,2010,Infraestrutura e serviços urbanos / 2010 / Infraestrutura,Infraestrutura e serviços urbanos,Domicílios sem arborização,Infraestrutura,Mais de 2 salários mínimos,Renda dos responsáveis,Porcentagem em relação ao total de domicílios,% em relação ao total de domicílios,,Domicílios particulares permanentes com rendimento nominal mensal domiciliar per capita maior que 2 SM – Não existe arborização,https://raw.githubusercontent.com/cem-usp/georedus_metodologia/refs/heads/main/censo/2010/ent_arb_dom_tot_dom_pct.md
280,,ibge_malha_br_setor_censitario_2010,cem_censo_2010_rel,ent_arb_dom_sex_fem_res_pct,ent_arb_dom_tot_dom_pct,cem_censo_2010_2022,2010,Infraestrutura e serviços urbanos / 2010 / Infraestrutura,Infraestrutura e serviços urbanos,Domicílios sem arborização,Infraestrutura,Mulheres,Sexo dos responsáveis,Porcentagem em relação ao total de domicílios com mulheres responsáveis,% em relação ao total de domicílios com mulheres responsáveis,,Domicílios particulares permanentes com responsável do sexo feminino – Não existe arborização,https://raw.githubusercontent.com/cem-usp/georedus_metodologia/refs/heads/main/censo/2010/ent_arb_dom_tot_dom_pct.md
281,,ibge_malha_br_setor_censitario_2010,cem_censo_2010_rel,ent_arb_dom_sex_mas_res_pct,ent_arb_dom_tot_dom_pct,cem_censo_2010_2022,2010,Infraestrutura e serviços urbanos / 2010 / Infraestrutura,Infraestrutura e serviços urbanos,Domicílios sem arborização,Infraestrutura,Homens,Sexo dos responsáveis,Porcentagem em relação ao total de domicílios com homens responsáveis,% em relação ao total de domicílios com homens responsáveis,,Domicílios particulares permanentes com responsável do sexo masculino – Não existe arborização,https://raw.githubusercontent.com/cem-usp/georedus_metodologia/refs/heads/main/censo/2010/ent_arb_dom_tot_dom_pct.md
282,,ibge_malha_br_setor_censitario_2010,cem_censo_2010_rel,ent_arb_mor_tot_dom_pct,ent_arb_dom_tot_dom_pct,cem_censo_2010_2022,2010,Infraestrutura e serviços urbanos / 2010 / Infraestrutura,Infraestrutura e serviços urbanos,Domicílios sem arborização,Infraestrutura,Total de moradores,Total,Porcentagem em relação ao total de moradores,% em relação ao total de moradores,,Moradores em domicílios particulares permanentes – Não existe arborização,https://raw.githubusercontent.com/cem-usp/georedus_metodologia/refs/heads/main/censo/2010/ent_arb_dom_tot_dom_pct.md
283,,ibge_malha_br_setor_censitario_2010,cem_censo_2010_rel,ent_arb_mor_ren_12sm_pct,ent_arb_dom_tot_dom_pct,cem_censo_2010_2022,2010,Infraestrutura e serviços urbanos / 2010 / Infraestrutura,Infraestrutura e serviços urbanos,Domicílios sem arborização,Infraestrutura,1 a 2 salários mínimos,Renda dos moradores,Porcentagem em relação ao total de moradores,% em relação ao total de moradores,,Moradores em domicílios particulares permanentes com rendimento nominal mensal domiciliar per capita 1 a 2 SM – Não existe arborização,https://raw.githubusercontent.com/cem-usp/georedus_metodologia/refs/heads/main/censo/2010/ent_arb_dom_tot_dom_pct.md
284,,ibge_malha_br_setor_censitario_2010,cem_censo_2010_rel,ent_arb_mor_ren_1sm_pct,ent_arb_dom_tot_dom_pct,cem_censo_2010_2022,2010,Infraestrutura e serviços urbanos / 2010 / Infraestrutura,Infraestrutura e serviços urbanos,Domicílios sem arborização,Infraestrutura,1/2 a 1 salário mínimo,Renda dos moradores,Porcentagem em relação ao total de moradores,% em relação ao total de moradores,,Moradores em domicílios particulares permanentes com rendimento nominal mensal domiciliar per capita 1/2 a 1 SM – Não existe arborização,https://raw.githubusercontent.com/cem-usp/georedus_metodologia/refs/heads/main/censo/2010/ent_arb_dom_tot_dom_pct.md
285,,ibge_malha_br_setor_censitario_2010,cem_censo_2010_rel,ent_arb_mor_ren_meiosm_pct,ent_arb_dom_tot_dom_pct,cem_censo_2010_2022,2010,Infraestrutura e serviços urbanos / 2010 / Infraestrutura,Infraestrutura e serviços urbanos,Domicílios sem arborização,Infraestrutura,Até 1/2 salário mínimo,Renda dos moradores,Porcentagem em relação ao total de moradores,% em relação ao total de moradores,,Moradores em domicílios particulares permanentes com rendimento nominal mensal domiciliar per capita até 1/2 do SM – Não existe arborização,https://raw.githubusercontent.com/cem-usp/georedus_metodologia/refs/heads/main/censo/2010/ent_arb_dom_tot_dom_pct.md
286,,ibge_malha_br_setor_censitario_2010,cem_censo_2010_rel,ent_arb_mor_ren_2sm_pct,ent_arb_dom_tot_dom_pct,cem_censo_2010_2022,2010,Infraestrutura e serviços urbanos / 2010 / Infraestrutura,Infraestrutura e serviços urbanos,Domicílios sem arborização,Infraestrutura,Mais de 2 salários mínimos,Renda dos moradores,Porcentagem em relação ao total de moradores,% em relação ao total de moradores,,Moradores em domicílios particulares permanentes com rendimento nominal mensal domiciliar per capita maior que 2 SM – Não existe arborização,https://raw.githubusercontent.com/cem-usp/georedus_metodologia/refs/heads/main/censo/2010/ent_arb_dom_tot_dom_pct.md
287,,ibge_malha_br_setor_censitario_2010,cem_censo_2010_rel,ent_arb_mor_sex_fem_res_pct,ent_arb_dom_tot_dom_pct,cem_censo_2010_2022,2010,Infraestrutura e serviços urbanos / 2010 / Infraestrutura,Infraestrutura e serviços urbanos,Domicílios sem arborização,Infraestrutura,Mulheres,Sexo dos responsáveis,Porcentagem em relação ao total de moradores em domicílios com mulheres responsáveis,% em relação ao total de moradores em domicílios com mulheres responsáveis,,Moradores em domicílios particulares permanentes com responsável do sexo feminino – Não existe arborização,https://raw.githubusercontent.com/cem-usp/georedus_metodologia/refs/heads/main/censo/2010/ent_arb_dom_tot_dom_pct.md
288,,ibge_malha_br_setor_censitario_2010,cem_censo_2010_rel,ent_arb_mor_sex_mas_res_pct,ent_arb_dom_tot_dom_pct,cem_censo_2010_2022,2010,Infraestrutura e serviços urbanos / 2010 / Infraestrutura,Infraestrutura e serviços urbanos,Domicílios sem arborização,Infraestrutura,Homens,Sexo dos responsáveis,Porcentagem em relação ao total de moradores em domicílios com homens responsáveis,% em relação ao total de moradores em domicílios com homens responsáveis,,Moradores em domicílios particulares permanentes com responsável do sexo masculino – Não existe arborização,https://raw.githubusercontent.com/cem-usp/georedus_metodologia/refs/heads/main/censo/2010/ent_arb_dom_tot_dom_pct.md
289,,ibge_malha_br_setor_censitario_2010,cem_censo_2010_rel,ent_arb_mor_cor_ama_pct,ent_arb_dom_tot_dom_pct,cem_censo_2010_2022,2010,Infraestrutura e serviços urbanos / 2010 / Infraestrutura,Infraestrutura e serviços urbanos,Domicílios sem arborização,Infraestrutura,Pessoas amarelas,Cor dos moradores,Porcentagem em relação ao total de moradores,% em relação ao total de moradores,,Moradores em domicílios particulares permanentes de cor ou raça amarela – Não existe arborização,https://raw.githubusercontent.com/cem-usp/georedus_metodologia/refs/heads/main/censo/2010/ent_arb_dom_tot_dom_pct.md
290,,ibge_malha_br_setor_censitario_2010,cem_censo_2010_rel,ent_arb_mor_cor_bra_pct,ent_arb_dom_tot_dom_pct,cem_censo_2010_2022,2010,Infraestrutura e serviços urbanos / 2010 / Infraestrutura,Infraestrutura e serviços urbanos,Domicílios sem arborização,Infraestrutura,Pessoas brancas,Cor dos moradores,Porcentagem em relação ao total de moradores,% em relação ao total de moradores,,Moradores em domicílios particulares permanentes de cor ou raça branca – Não existe arborização,https://raw.githubusercontent.com/cem-usp/georedus_metodologia/refs/heads/main/censo/2010/ent_arb_dom_tot_dom_pct.md
291,,ibge_malha_br_setor_censitario_2010,cem_censo_2010_rel,ent_arb_mor_cor_ind_pct,ent_arb_dom_tot_dom_pct,cem_censo_2010_2022,2010,Infraestrutura e serviços urbanos / 2010 / Infraestrutura,Infraestrutura e serviços urbanos,Domicílios sem arborização,Infraestrutura,Pessoas indígenas,Cor dos moradores,Porcentagem em relação ao total de moradores,% em relação ao total de moradores,,Moradores em domicílios particulares permanentes de cor ou raça indígena – Não existe arborização,https://raw.githubusercontent.com/cem-usp/georedus_metodologia/refs/heads/main/censo/2010/ent_arb_dom_tot_dom_pct.md
292,,ibge_malha_br_setor_censitario_2010,cem_censo_2010_rel,ent_arb_mor_cor_neg_pct,ent_arb_dom_tot_dom_pct,cem_censo_2010_2022,2010,Infraestrutura e serviços urbanos / 2010 / Infraestrutura,Infraestrutura e serviços urbanos,Domicílios sem arborização,Infraestrutura,Pessoas negras,Cor dos moradores,Porcentagem em relação ao total de moradores,% em relação ao total de moradores,,Moradores em domicílios particulares permanentes de cor ou raça preta ou parda – Não existe arborização,https://raw.githubusercontent.com/cem-usp/georedus_metodologia/refs/heads/main/censo/2010/ent_arb_dom_tot_dom_pct.md
293,,ibge_malha_br_setor_censitario_2010,cem_censo_2010_rel,ent_cal_dom_tot_dom_pct,ent_cal_dom_tot_dom_pct,cem_censo_2010_2022,2010,Infraestrutura e serviços urbanos / 2010 / Infraestrutura,Infraestrutura e serviços urbanos,Domicílios sem calçada,Infraestrutura,Total de domicílios,Total,Porcentagem em relação ao total de domicílios,% em relação ao total de domicílios,sim,Domicílios particulares permanentes – Não existe calçada,https://raw.githubusercontent.com/cem-usp/georedus_metodologia/refs/heads/main/censo/2010/ent_cal_dom_tot_dom_pct.md
294,,ibge_malha_br_setor_censitario_2010,cem_censo_2010_rel,ent_cal_dom_ren_12sm_pct,ent_cal_dom_tot_dom_pct,cem_censo_2010_2022,2010,Infraestrutura e serviços urbanos / 2010 / Infraestrutura,Infraestrutura e serviços urbanos,Domicílios sem calçada,Infraestrutura,1 a 2 salários mínimos,Renda dos responsáveis,Porcentagem em relação ao total de domicílios,% em relação ao total de domicílios,,Domicílios particulares permanentes com rendimento nominal mensal domiciliar per capita 1 a 2 do SM – Não existe calçada,https://raw.githubusercontent.com/cem-usp/georedus_metodologia/refs/heads/main/censo/2010/ent_cal_dom_tot_dom_pct.md
295,,ibge_malha_br_setor_censitario_2010,cem_censo_2010_rel,ent_cal_dom_ren_1sm_pct,ent_cal_dom_tot_dom_pct,cem_censo_2010_2022,2010,Infraestrutura e serviços urbanos / 2010 / Infraestrutura,Infraestrutura e serviços urbanos,Domicílios sem calçada,Infraestrutura,1/2 a 1 salário mínimo,Renda dos responsáveis,Porcentagem em relação ao total de domicílios,% em relação ao total de domicílios,,Domicílios particulares permanentes com rendimento nominal mensal domiciliar per capita 1/2 a 1 SM – Não existe calçada,https://raw.githubusercontent.com/cem-usp/georedus_metodologia/refs/heads/main/censo/2010/ent_cal_dom_tot_dom_pct.md
296,,ibge_malha_br_setor_censitario_2010,cem_censo_2010_rel,ent_cal_dom_ren_meiosm_pct,ent_cal_dom_tot_dom_pct,cem_censo_2010_2022,2010,Infraestrutura e serviços urbanos / 2010 / Infraestrutura,Infraestrutura e serviços urbanos,Domicílios sem calçada,Infraestrutura,Até 1/2 salário mínimo,Renda dos responsáveis,Porcentagem em relação ao total de domicílios,% em relação ao total de domicílios,,Domicílios particulares permanentes com rendimento nominal mensal domiciliar per capita até 1/2 do SM – Não existe calçada,https://raw.githubusercontent.com/cem-usp/georedus_metodologia/refs/heads/main/censo/2010/ent_cal_dom_tot_dom_pct.md
297,,ibge_malha_br_setor_censitario_2010,cem_censo_2010_rel,ent_cal_dom_ren_2sm_pct,ent_cal_dom_tot_dom_pct,cem_censo_2010_2022,2010,Infraestrutura e serviços urbanos / 2010 / Infraestrutura,Infraestrutura e serviços urbanos,Domicílios sem calçada,Infraestrutura,Mais de 2 salários mínimos,Renda dos responsáveis,Porcentagem em relação ao total de domicílios,% em relação ao total de domicílios,,Domicílios particulares permanentes com rendimento nominal mensal domiciliar per capita maior que 2 SM – Não existe calçada,https://raw.githubusercontent.com/cem-usp/georedus_metodologia/refs/heads/main/censo/2010/ent_cal_dom_tot_dom_pct.md
298,,ibge_malha_br_setor_censitario_2010,cem_censo_2010_rel,ent_cal_dom_sex_fem_res_pct,ent_cal_dom_tot_dom_pct,cem_censo_2010_2022,2010,Infraestrutura e serviços urbanos / 2010 / Infraestrutura,Infraestrutura e serviços urbanos,Domicílios sem calçada,Infraestrutura,Mulheres,Sexo dos responsáveis,Porcentagem em relação ao total de domicílios com mulheres responsáveis,% em relação ao total de domicílios com mulheres responsáveis,,Domicílios particulares permanentes com responsável do sexo feminino – Não existe calçada,https://raw.githubusercontent.com/cem-usp/georedus_metodologia/refs/heads/main/censo/2010/ent_cal_dom_tot_dom_pct.md
299,,ibge_malha_br_setor_censitario_2010,cem_censo_2010_rel,ent_cal_dom_sex_mas_res_pct,ent_cal_dom_tot_dom_pct,cem_censo_2010_2022,2010,Infraestrutura e serviços urbanos / 2010 / Infraestrutura,Infraestrutura e serviços urbanos,Domicílios sem calçada,Infraestrutura,Homens,Sexo dos responsáveis,Porcentagem em relação ao total de domicílios com homens responsáveis,% em relação ao total de domicílios com homens responsáveis,,Domicílios particulares permanentes com responsável do sexo masculino – Não existe calçada,https://raw.githubusercontent.com/cem-usp/georedus_metodologia/refs/heads/main/censo/2010/ent_cal_dom_tot_dom_pct.md
300,,ibge_malha_br_setor_censitario_2010,cem_censo_2010_rel,ent_cal_mor_tot_dom_pct,ent_cal_dom_tot_dom_pct,cem_censo_2010_2022,2010,Infraestrutura e serviços urbanos / 2010 / Infraestrutura,Infraestrutura e serviços urbanos,Domicílios sem calçada,Infraestrutura,Total de moradores,Total,Porcentagem em relação ao total de moradores,% em relação ao total de moradores,,Moradores em domicílios particulares permanentes – Não existe calçada,https://raw.githubusercontent.com/cem-usp/georedus_metodologia/refs/heads/main/censo/2010/ent_cal_dom_tot_dom_pct.md
301,,ibge_malha_br_setor_censitario_2010,cem_censo_2010_rel,ent_cal_mor_ren_12sm_pct,ent_cal_dom_tot_dom_pct,cem_censo_2010_2022,2010,Infraestrutura e serviços urbanos / 2010 / Infraestrutura,Infraestrutura e serviços urbanos,Domicílios sem calçada,Infraestrutura,1 a 2 salários mínimos,Renda dos moradores,Porcentagem em relação ao total de moradores,% em relação ao total de moradores,,Moradores em domicílios particulares permanentes com rendimento nominal mensal domiciliar per capita 1 a 2 do SM – Não existe calçada,https://raw.githubusercontent.com/cem-usp/georedus_metodologia/refs/heads/main/censo/2010/ent_cal_dom_tot_dom_pct.md
302,,ibge_malha_br_setor_censitario_2010,cem_censo_2010_rel,ent_cal_mor_ren_1sm_pct,ent_cal_dom_tot_dom_pct,cem_censo_2010_2022,2010,Infraestrutura e serviços urbanos / 2010 / Infraestrutura,Infraestrutura e serviços urbanos,Domicílios sem calçada,Infraestrutura,1/2 a 1 salário mínimo,Renda dos moradores,Porcentagem em relação ao total de moradores,% em relação ao total de moradores,,Moradores em domicílios particulares permanentes com rendimento nominal mensal domiciliar per capita 1/2 a 1 SM – Não existe calçada,https://raw.githubusercontent.com/cem-usp/georedus_metodologia/refs/heads/main/censo/2010/ent_cal_dom_tot_dom_pct.md
303,,ibge_malha_br_setor_censitario_2010,cem_censo_2010_rel,ent_cal_mor_ren_meiosm_pct,ent_cal_dom_tot_dom_pct,cem_censo_2010_2022,2010,Infraestrutura e serviços urbanos / 2010 / Infraestrutura,Infraestrutura e serviços urbanos,Domicílios sem calçada,Infraestrutura,Até 1/2 salário mínimo,Renda dos moradores,Porcentagem em relação ao total de moradores,% em relação ao total de moradores,,Moradores em domicílios particulares permanentes com rendimento nominal mensal domiciliar per capita até 1/2 do SM – Não existe calçada,https://raw.githubusercontent.com/cem-usp/georedus_metodologia/refs/heads/main/censo/2010/ent_cal_dom_tot_dom_pct.md
304,,ibge_malha_br_setor_censitario_2010,cem_censo_2010_rel,ent_cal_mor_ren_2sm_pct,ent_cal_dom_tot_dom_pct,cem_censo_2010_2022,2010,Infraestrutura e serviços urbanos / 2010 / Infraestrutura,Infraestrutura e serviços urbanos,Domicílios sem calçada,Infraestrutura,Mais de 2 salários mínimos,Renda dos moradores,Porcentagem em relação ao total de moradores,% em relação ao total de moradores,,Moradores em domicílios particulares permanentes com rendimento nominal mensal domiciliar per capita maior que 2 SM – Não existe calçada,https://raw.githubusercontent.com/cem-usp/georedus_metodologia/refs/heads/main/censo/2010/ent_cal_dom_tot_dom_pct.md
305,,ibge_malha_br_setor_censitario_2010,cem_censo_2010_rel,ent_cal_mor_sex_fem_res_pct,ent_cal_dom_tot_dom_pct,cem_censo_2010_2022,2010,Infraestrutura e serviços urbanos / 2010 / Infraestrutura,Infraestrutura e serviços urbanos,Domicílios sem calçada,Infraestrutura,Mulheres,Sexo dos responsáveis,Porcentagem em relação ao total de moradores em domicílios com mulheres responsáveis,% em relação ao total de moradores em domicílios com mulheres responsáveis,,Moradores em domicílios particulares permanentes com responsável do sexo feminino – Não existe calçada,https://raw.githubusercontent.com/cem-usp/georedus_metodologia/refs/heads/main/censo/2010/ent_cal_dom_tot_dom_pct.md
306,,ibge_malha_br_setor_censitario_2010,cem_censo_2010_rel,ent_cal_mor_sex_mas_res_pct,ent_cal_dom_tot_dom_pct,cem_censo_2010_2022,2010,Infraestrutura e serviços urbanos / 2010 / Infraestrutura,Infraestrutura e serviços urbanos,Domicílios sem calçada,Infraestrutura,Homens,Sexo dos responsáveis,Porcentagem em relação ao total de moradores em domicílios com homens responsáveis,% em relação ao total de moradores em domicílios com homens responsáveis,,Moradores em domicílios particulares permanentes com responsável do sexo masculino – Não existe calçada,https://raw.githubusercontent.com/cem-usp/georedus_metodologia/refs/heads/main/censo/2010/ent_cal_dom_tot_dom_pct.md
307,,ibge_malha_br_setor_censitario_2010,cem_censo_2010_rel,ent_cal_mor_cor_ama_pct,ent_cal_dom_tot_dom_pct,cem_censo_2010_2022,2010,Infraestrutura e serviços urbanos / 2010 / Infraestrutura,Infraestrutura e serviços urbanos,Domicílios sem calçada,Infraestrutura,Pessoas amarelas,Cor dos moradores,Porcentagem em relação ao total de moradores,% em relação ao total de moradores,,Moradores em domicílios particulares permanentes de cor ou raça amarela – Não existe calçada,https://raw.githubusercontent.com/cem-usp/georedus_metodologia/refs/heads/main/censo/2010/ent_cal_dom_tot_dom_pct.md
308,,ibge_malha_br_setor_censitario_2010,cem_censo_2010_rel,ent_cal_mor_cor_bra_pct,ent_cal_dom_tot_dom_pct,cem_censo_2010_2022,2010,Infraestrutura e serviços urbanos / 2010 / Infraestrutura,Infraestrutura e serviços urbanos,Domicílios sem calçada,Infraestrutura,Pessoas brancas,Cor dos moradores,Porcentagem em relação ao total de moradores,% em relação ao total de moradores,,Moradores em domicílios particulares permanentes de cor ou raça branca – Não existe calçada,https://raw.githubusercontent.com/cem-usp/georedus_metodologia/refs/heads/main/censo/2010/ent_cal_dom_tot_dom_pct.md
309,,ibge_malha_br_setor_censitario_2010,cem_censo_2010_rel,ent_cal_mor_cor_ind_pct,ent_cal_dom_tot_dom_pct,cem_censo_2010_2022,2010,Infraestrutura e serviços urbanos / 2010 / Infraestrutura,Infraestrutura e serviços urbanos,Domicílios sem calçada,Infraestrutura,Pessoas indígenas,Cor dos moradores,Porcentagem em relação ao total de moradores,% em relação ao total de moradores,,Moradores em domicílios particulares permanentes de cor ou raça indígena – Não existe calçada,https://raw.githubusercontent.com/cem-usp/georedus_metodologia/refs/heads/main/censo/2010/ent_cal_dom_tot_dom_pct.md
310,,ibge_malha_br_setor_censitario_2010,cem_censo_2010_rel,ent_cal_mor_cor_neg_pct,ent_cal_dom_tot_dom_pct,cem_censo_2010_2022,2010,Infraestrutura e serviços urbanos / 2010 / Infraestrutura,Infraestrutura e serviços urbanos,Domicílios sem calçada,Infraestrutura,Pessoas negras,Cor dos moradores,Porcentagem em relação ao total de moradores,% em relação ao total de moradores,,Moradores em domicílios particulares permanentes de cor ou raça preta ou parda – Não existe calçada,https://raw.githubusercontent.com/cem-usp/georedus_metodologia/refs/heads/main/censo/2010/ent_cal_dom_tot_dom_pct.md
311,,ibge_malha_br_setor_censitario_2010,cem_censo_2010_rel,ent_ide_dom_tot_dom_pct,ent_cal_dom_tot_dom_pct,cem_censo_2010_2022,2010,Infraestrutura e serviços urbanos / 2010 / Sistema viário,Infraestrutura e serviços urbanos,Domicílios sem identificação da rua,Sistema viário,Total de domicílios,Total,Porcentagem em relação ao total de domicílios,% em relação ao total de domicílios,sim,Domicílios particulares permanentes - Não existe identificação do logradouro,https://raw.githubusercontent.com/cem-usp/georedus_metodologia/refs/heads/main/censo/2010/ent_cal_dom_tot_dom_pct.md
312,,ibge_malha_br_setor_censitario_2010,cem_censo_2010_rel,ent_ide_dom_ren_12sm_pct,ent_cal_dom_tot_dom_pct,cem_censo_2010_2022,2010,Infraestrutura e serviços urbanos / 2010 / Sistema viário,Infraestrutura e serviços urbanos,Domicílios sem identificação da rua,Sistema viário,1 a 2 salários mínimos,Renda dos responsáveis,Porcentagem em relação ao total de domicílios,% em relação ao total de domicílios,,Domicílios particulares permanentes com rendimento nominal mensal domiciliar per capita 1 a 2 do SM – Não existe identificação do logradouro,https://raw.githubusercontent.com/cem-usp/georedus_metodologia/refs/heads/main/censo/2010/ent_cal_dom_tot_dom_pct.md
313,,ibge_malha_br_setor_censitario_2010,cem_censo_2010_rel,ent_ide_dom_ren_1sm_pct,ent_cal_dom_tot_dom_pct,cem_censo_2010_2022,2010,Infraestrutura e serviços urbanos / 2010 / Sistema viário,Infraestrutura e serviços urbanos,Domicílios sem identificação da rua,Sistema viário,1/2 a 1 salário mínimo,Renda dos responsáveis,Porcentagem em relação ao total de domicílios,% em relação ao total de domicílios,,Domicílios particulares permanentes com rendimento nominal mensal domiciliar per capita 1/2 a 1 SM – Não existe identificação do logradouro,https://raw.githubusercontent.com/cem-usp/georedus_metodologia/refs/heads/main/censo/2010/ent_cal_dom_tot_dom_pct.md
314,,ibge_malha_br_setor_censitario_2010,cem_censo_2010_rel,ent_ide_dom_ren_meiosm_pct,ent_cal_dom_tot_dom_pct,cem_censo_2010_2022,2010,Infraestrutura e serviços urbanos / 2010 / Sistema viário,Infraestrutura e serviços urbanos,Domicílios sem identificação da rua,Sistema viário,Até 1/2 salário mínimo,Renda dos responsáveis,Porcentagem em relação ao total de domicílios,% em relação ao total de domicílios,,Domicílios particulares permanentes com rendimento nominal mensal domiciliar per capita até 1/2 do SM – Não existe identificação do logradouro,https://raw.githubusercontent.com/cem-usp/georedus_metodologia/refs/heads/main/censo/2010/ent_cal_dom_tot_dom_pct.md
315,,ibge_malha_br_setor_censitario_2010,cem_censo_2010_rel,ent_ide_dom_ren_2sm_pct,ent_cal_dom_tot_dom_pct,cem_censo_2010_2022,2010,Infraestrutura e serviços urbanos / 2010 / Sistema viário,Infraestrutura e serviços urbanos,Domicílios sem identificação da rua,Sistema viário,Mais de 2 salários mínimos,Renda dos responsáveis,Porcentagem em relação ao total de domicílios,% em relação ao total de domicílios,,Domicílios particulares permanentes com rendimento nominal mensal domiciliar per capita maior que 2 SM – Não existe identificação do logradouro,https://raw.githubusercontent.com/cem-usp/georedus_metodologia/refs/heads/main/censo/2010/ent_cal_dom_tot_dom_pct.md
316,,ibge_malha_br_setor_censitario_2010,cem_censo_2010_rel,ent_ide_dom_sex_fem_res_pct,ent_cal_dom_tot_dom_pct,cem_censo_2010_2022,2010,Infraestrutura e serviços urbanos / 2010 / Sistema viário,Infraestrutura e serviços urbanos,Domicílios sem identificação da rua,Sistema viário,Mulheres,Sexo dos responsáveis,Porcentagem em relação ao total de domicílios com mulheres responsáveis,% em relação ao total de domicílios com mulheres responsáveis,,Domicílios particulares permanentes com responsável do sexo feminino – Não existe identificação do logradouro,https://raw.githubusercontent.com/cem-usp/georedus_metodologia/refs/heads/main/censo/2010/ent_cal_dom_tot_dom_pct.md
317,,ibge_malha_br_setor_censitario_2010,cem_censo_2010_rel,ent_ide_dom_sex_mas_res_pct,ent_cal_dom_tot_dom_pct,cem_censo_2010_2022,2010,Infraestrutura e serviços urbanos / 2010 / Sistema viário,Infraestrutura e serviços urbanos,Domicílios sem identificação da rua,Sistema viário,Homens,Sexo dos responsáveis,Porcentagem em relação ao total de domicílios com homens responsáveis,% em relação ao total de domicílios com homens responsáveis,,Domicílios particulares permanentes com responsável do sexo masculino – Não existe identificação do logradouro,https://raw.githubusercontent.com/cem-usp/georedus_metodologia/refs/heads/main/censo/2010/ent_cal_dom_tot_dom_pct.md
318,,ibge_malha_br_setor_censitario_2010,cem_censo_2010_rel,ent_ide_mor_tot_dom_pct,ent_cal_dom_tot_dom_pct,cem_censo_2010_2022,2010,Infraestrutura e serviços urbanos / 2010 / Sistema viário,Infraestrutura e serviços urbanos,Domicílios sem identificação da rua,Sistema viário,Total de moradores,Total,Porcentagem em relação ao total de moradores,% em relação ao total de moradores,,Moradores em domicílios particulares permanentes – Não existe identificação do logradouro,https://raw.githubusercontent.com/cem-usp/georedus_metodologia/refs/heads/main/censo/2010/ent_cal_dom_tot_dom_pct.md
319,,ibge_malha_br_setor_censitario_2010,cem_censo_2010_rel,ent_ide_mor_ren_12sm_pct,ent_cal_dom_tot_dom_pct,cem_censo_2010_2022,2010,Infraestrutura e serviços urbanos / 2010 / Sistema viário,Infraestrutura e serviços urbanos,Domicílios sem identificação da rua,Sistema viário,1 a 2 salários mínimos,Renda dos moradores,Porcentagem em relação ao total de moradores,% em relação ao total de moradores,,Moradores em domicílios particulares permanentes com rendimento nominal mensal domiciliar per capita 1 a 2 SM – Não existe identificação do logradouro,https://raw.githubusercontent.com/cem-usp/georedus_metodologia/refs/heads/main/censo/2010/ent_cal_dom_tot_dom_pct.md
320,,ibge_malha_br_setor_censitario_2010,cem_censo_2010_rel,ent_ide_mor_ren_1sm_pct,ent_cal_dom_tot_dom_pct,cem_censo_2010_2022,2010,Infraestrutura e serviços urbanos / 2010 / Sistema viário,Infraestrutura e serviços urbanos,Domicílios sem identificação da rua,Sistema viário,1/2 a 1 salário mínimo,Renda dos moradores,Porcentagem em relação ao total de moradores,% em relação ao total de moradores,,Moradores em domicílios particulares permanentes com rendimento nominal mensal domiciliar per capita 1/2 a 1 SM – Não existe identificação do logradouro,https://raw.githubusercontent.com/cem-usp/georedus_metodologia/refs/heads/main/censo/2010/ent_cal_dom_tot_dom_pct.md
321,,ibge_malha_br_setor_censitario_2010,cem_censo_2010_rel,ent_ide_mor_ren_meiosm_pct,ent_cal_dom_tot_dom_pct,cem_censo_2010_2022,2010,Infraestrutura e serviços urbanos / 2010 / Sistema viário,Infraestrutura e serviços urbanos,Domicílios sem identificação da rua,Sistema viário,Até 1/2 salário mínimo,Renda dos moradores,Porcentagem em relação ao total de moradores,% em relação ao total de moradores,,Moradores em domicílios particulares permanentes com rendimento nominal mensal domiciliar per capita até 1/2 do SM – Não existe identificação do logradouro,https://raw.githubusercontent.com/cem-usp/georedus_metodologia/refs/heads/main/censo/2010/ent_cal_dom_tot_dom_pct.md
322,,ibge_malha_br_setor_censitario_2010,cem_censo_2010_rel,ent_ide_mor_ren_2sm_pct,ent_cal_dom_tot_dom_pct,cem_censo_2010_2022,2010,Infraestrutura e serviços urbanos / 2010 / Sistema viário,Infraestrutura e serviços urbanos,Domicílios sem identificação da rua,Sistema viário,Mais de 2 salários mínimos,Renda dos moradores,Porcentagem em relação ao total de moradores,% em relação ao total de moradores,,Moradores em domicílios particulares permanentes com rendimento nominal mensal domiciliar per capita maior que SM – Não existe identificação do logradouro,https://raw.githubusercontent.com/cem-usp/georedus_metodologia/refs/heads/main/censo/2010/ent_cal_dom_tot_dom_pct.md
323,,ibge_malha_br_setor_censitario_2010,cem_censo_2010_rel,ent_ide_mor_sex_fem_res_pct,ent_cal_dom_tot_dom_pct,cem_censo_2010_2022,2010,Infraestrutura e serviços urbanos / 2010 / Sistema viário,Infraestrutura e serviços urbanos,Domicílios sem identificação da rua,Sistema viário,Mulheres,Sexo dos responsáveis,Porcentagem em relação ao total de moradores em domicílios com mulheres responsáveis,% em relação ao total de moradores em domicílios com mulheres responsáveis,,Moradores em domicílios particulares permanentes com responsável do sexo feminino – Não existe identificação do logradouro,https://raw.githubusercontent.com/cem-usp/georedus_metodologia/refs/heads/main/censo/2010/ent_cal_dom_tot_dom_pct.md
324,,ibge_malha_br_setor_censitario_2010,cem_censo_2010_rel,ent_ide_mor_sex_mas_res_pct,ent_cal_dom_tot_dom_pct,cem_censo_2010_2022,2010,Infraestrutura e serviços urbanos / 2010 / Sistema viário,Infraestrutura e serviços urbanos,Domicílios sem identificação da rua,Sistema viário,Homens,Sexo dos responsáveis,Porcentagem em relação ao total de moradores em domicílios com homens responsáveis,% em relação ao total de moradores em domicílios com homens responsáveis,,Moradores em domicílios particulares permanentes com responsável do sexo masculino – Não existe identificação do logradouro,https://raw.githubusercontent.com/cem-usp/georedus_metodologia/refs/heads/main/censo/2010/ent_cal_dom_tot_dom_pct.md
325,,ibge_malha_br_setor_censitario_2010,cem_censo_2010_rel,ent_ide_mor_cor_neg_pct,ent_cal_dom_tot_dom_pct,cem_censo_2010_2022,2010,Infraestrutura e serviços urbanos / 2010 / Sistema viário,Infraestrutura e serviços urbanos,Domicílios sem identificação da rua,Sistema viário,Pessoas amarelas,Cor dos moradores,Porcentagem em relação ao total de moradores,% em relação ao total de moradores,,Moradores em domicílios particulares permanentes de cor ou raça amarela – Não existe identificação do logradouro,https://raw.githubusercontent.com/cem-usp/georedus_metodologia/refs/heads/main/censo/2010/ent_cal_dom_tot_dom_pct.md
326,,ibge_malha_br_setor_censitario_2010,cem_censo_2010_rel,ent_ide_mor_cor_ind_pct,ent_cal_dom_tot_dom_pct,cem_censo_2010_2022,2010,Infraestrutura e serviços urbanos / 2010 / Sistema viário,Infraestrutura e serviços urbanos,Domicílios sem identificação da rua,Sistema viário,Pessoas brancas,Cor dos moradores,Porcentagem em relação ao total de moradores,% em relação ao total de moradores,,Moradores em domicílios particulares permanentes de cor ou raça branca – Não existe identificação do logradouro,https://raw.githubusercontent.com/cem-usp/georedus_metodologia/refs/heads/main/censo/2010/ent_cal_dom_tot_dom_pct.md
327,,ibge_malha_br_setor_censitario_2010,cem_censo_2010_rel,ent_ide_mor_cor_ind_pct,ent_cal_dom_tot_dom_pct,cem_censo_2010_2022,2010,Infraestrutura e serviços urbanos / 2010 / Sistema viário,Infraestrutura e serviços urbanos,Domicílios sem identificação da rua,Sistema viário,Pessoas brancas,Cor dos moradores,Porcentagem em relação ao total de moradores,% em relação ao total de moradores,,Moradores em domicílios particulares permanentes de cor ou raça indígena – Não existe identificação do logradouro,https://raw.githubusercontent.com/cem-usp/georedus_metodologia/refs/heads/main/censo/2010/ent_cal_dom_tot_dom_pct.md
328,,ibge_malha_br_setor_censitario_2010,cem_censo_2010_rel,ent_ide_mor_cor_neg_pct,ent_cal_dom_tot_dom_pct,cem_censo_2010_2022,2010,Infraestrutura e serviços urbanos / 2010 / Sistema viário,Infraestrutura e serviços urbanos,Domicílios sem identificação da rua,Sistema viário,Pessoas amarelas,Cor dos moradores,Porcentagem em relação ao total de moradores,% em relação ao total de moradores,,Moradores em domicílios particulares permanentes de cor ou raça preta ou parda – Não existe identificação do logradouro,https://raw.githubusercontent.com/cem-usp/georedus_metodologia/refs/heads/main/censo/2010/ent_cal_dom_tot_dom_pct.md
329,,ibge_malha_br_setor_censitario_2010,cem_censo_2010_rel,ent_ilu_dom_tot_dom_pct,ent_ilu_dom_tot_dom_pct,cem_censo_2010_2022,2010,Infraestrutura e serviços urbanos / 2010 / Infraestrutura,Infraestrutura e serviços urbanos,Domicílios sem iluminação pública,Infraestrutura,Total de domicílios,Total,Porcentagem em relação ao total de domicílios,% em relação ao total de domicílios,sim,Domicílios particulares permanentes – Não existe iluminação pública,https://raw.githubusercontent.com/cem-usp/georedus_metodologia/refs/heads/main/censo/2010/ent_ilu_dom_tot_dom_pct.md
330,,ibge_malha_br_setor_censitario_2010,cem_censo_2010_rel,ent_ilu_dom_ren_12sm_pct,ent_ilu_dom_tot_dom_pct,cem_censo_2010_2022,2010,Infraestrutura e serviços urbanos / 2010 / Infraestrutura,Infraestrutura e serviços urbanos,Domicílios sem iluminação pública,Infraestrutura,1 a 2 salários mínimos,Renda dos responsáveis,Porcentagem em relação ao total de domicílios,% em relação ao total de domicílios,,Domicílios particulares permanentes com rendimento nominal mensal domiciliar per capita 1 a 2 do SM – Não existe iluminação pública,https://raw.githubusercontent.com/cem-usp/georedus_metodologia/refs/heads/main/censo/2010/ent_ilu_dom_tot_dom_pct.md
331,,ibge_malha_br_setor_censitario_2010,cem_censo_2010_rel,ent_ilu_dom_ren_1sm_pct,ent_ilu_dom_tot_dom_pct,cem_censo_2010_2022,2010,Infraestrutura e serviços urbanos / 2010 / Infraestrutura,Infraestrutura e serviços urbanos,Domicílios sem iluminação pública,Infraestrutura,1/2 a 1 salário mínimo,Renda dos responsáveis,Porcentagem em relação ao total de domicílios,% em relação ao total de domicílios,,Domicílios particulares permanentes com rendimento nominal mensal domiciliar per capita 1/2 a 1 SM – Não existe iluminação pública,https://raw.githubusercontent.com/cem-usp/georedus_metodologia/refs/heads/main/censo/2010/ent_ilu_dom_tot_dom_pct.md
332,,ibge_malha_br_setor_censitario_2010,cem_censo_2010_rel,ent_ilu_dom_ren_meiosm_pct,ent_ilu_dom_tot_dom_pct,cem_censo_2010_2022,2010,Infraestrutura e serviços urbanos / 2010 / Infraestrutura,Infraestrutura e serviços urbanos,Domicílios sem iluminação pública,Infraestrutura,Até 1/2 salário mínimo,Renda dos responsáveis,Porcentagem em relação ao total de domicílios,% em relação ao total de domicílios,,Domicílios particulares permanentes com rendimento nominal mensal domiciliar per capita até 1/2 do SM – Não existe iluminação pública,https://raw.githubusercontent.com/cem-usp/georedus_metodologia/refs/heads/main/censo/2010/ent_ilu_dom_tot_dom_pct.md
333,,ibge_malha_br_setor_censitario_2010,cem_censo_2010_rel,ent_ilu_dom_ren_2sm_pct,ent_ilu_dom_tot_dom_pct,cem_censo_2010_2022,2010,Infraestrutura e serviços urbanos / 2010 / Infraestrutura,Infraestrutura e serviços urbanos,Domicílios sem iluminação pública,Infraestrutura,Mais de 2 salários mínimos,Renda dos responsáveis,Porcentagem em relação ao total de domicílios,% em relação ao total de domicílios,,Domicílios particulares permanentes com rendimento nominal mensal domiciliar per capita maior que 2 SM – Não existe iluminação pública,https://raw.githubusercontent.com/cem-usp/georedus_metodologia/refs/heads/main/censo/2010/ent_ilu_dom_tot_dom_pct.md
334,,ibge_malha_br_setor_censitario_2010,cem_censo_2010_rel,ent_ilu_dom_sex_fem_res_pct,ent_ilu_dom_tot_dom_pct,cem_censo_2010_2022,2010,Infraestrutura e serviços urbanos / 2010 / Infraestrutura,Infraestrutura e serviços urbanos,Domicílios sem iluminação pública,Infraestrutura,Mulheres,Sexo dos responsáveis,Porcentagem em relação ao total de domicílios com mulheres responsáveis,% em relação ao total de domicílios com mulheres responsáveis,,Domicílios particulares permanentes com responsável do sexo feminino – Não existe iluminação pública,https://raw.githubusercontent.com/cem-usp/georedus_metodologia/refs/heads/main/censo/2010/ent_ilu_dom_tot_dom_pct.md
335,,ibge_malha_br_setor_censitario_2010,cem_censo_2010_rel,ent_ilu_dom_sex_mas_res_pct,ent_ilu_dom_tot_dom_pct,cem_censo_2010_2022,2010,Infraestrutura e serviços urbanos / 2010 / Infraestrutura,Infraestrutura e serviços urbanos,Domicílios sem iluminação pública,Infraestrutura,Homens,Sexo dos responsáveis,Porcentagem em relação ao total de domicílios com homens responsáveis,% em relação ao total de domicílios com homens responsáveis,,Domicílios particulares permanentes com responsável do sexo masculino – Não existe iluminação pública,https://raw.githubusercontent.com/cem-usp/georedus_metodologia/refs/heads/main/censo/2010/ent_ilu_dom_tot_dom_pct.md
336,,ibge_malha_br_setor_censitario_2010,cem_censo_2010_rel,ent_ilu_mor_tot_dom_pct,ent_ilu_dom_tot_dom_pct,cem_censo_2010_2022,2010,Infraestrutura e serviços urbanos / 2010 / Infraestrutura,Infraestrutura e serviços urbanos,Domicílios sem iluminação pública,Infraestrutura,Total de moradores,Total,Porcentagem em relação ao total de moradores,% em relação ao total de moradores,,Moradores em domicílios particulares permanentes – Não existe iluminação pública,https://raw.githubusercontent.com/cem-usp/georedus_metodologia/refs/heads/main/censo/2010/ent_ilu_dom_tot_dom_pct.md
337,,ibge_malha_br_setor_censitario_2010,cem_censo_2010_rel,ent_ilu_mor_ren_12sm_pct,ent_ilu_dom_tot_dom_pct,cem_censo_2010_2022,2010,Infraestrutura e serviços urbanos / 2010 / Infraestrutura,Infraestrutura e serviços urbanos,Domicílios sem iluminação pública,Infraestrutura,1 a 2 salários mínimos,Renda dos moradores,Porcentagem em relação ao total de moradores,% em relação ao total de moradores,,Moradores em domicílios particulares permanentes com rendimento nominal mensal domiciliar per capita 1 a 2 SM – Não existe iluminação pública,https://raw.githubusercontent.com/cem-usp/georedus_metodologia/refs/heads/main/censo/2010/ent_ilu_dom_tot_dom_pct.md
338,,ibge_malha_br_setor_censitario_2010,cem_censo_2010_rel,ent_ilu_mor_ren_1sm_pct,ent_ilu_dom_tot_dom_pct,cem_censo_2010_2022,2010,Infraestrutura e serviços urbanos / 2010 / Infraestrutura,Infraestrutura e serviços urbanos,Domicílios sem iluminação pública,Infraestrutura,1/2 a 1 salário mínimo,Renda dos moradores,Porcentagem em relação ao total de moradores,% em relação ao total de moradores,,Moradores em domicílios particulares permanentes com rendimento nominal mensal domiciliar per capita 1/2 a 1 SM – Não existe iluminação pública,https://raw.githubusercontent.com/cem-usp/georedus_metodologia/refs/heads/main/censo/2010/ent_ilu_dom_tot_dom_pct.md
339,,ibge_malha_br_setor_censitario_2010,cem_censo_2010_rel,ent_ilu_mor_ren_meiosm_pct,ent_ilu_dom_tot_dom_pct,cem_censo_2010_2022,2010,Infraestrutura e serviços urbanos / 2010 / Infraestrutura,Infraestrutura e serviços urbanos,Domicílios sem iluminação pública,Infraestrutura,Até 1/2 salário mínimo,Renda dos moradores,Porcentagem em relação ao total de moradores,% em relação ao total de moradores,,Moradores em domicílios particulares permanentes com rendimento nominal mensal domiciliar per capita até 1/2 do SM – Não existe iluminação pública,https://raw.githubusercontent.com/cem-usp/georedus_metodologia/refs/heads/main/censo/2010/ent_ilu_dom_tot_dom_pct.md
340,,ibge_malha_br_setor_censitario_2010,cem_censo_2010_rel,ent_ilu_mor_ren_2sm_pct,ent_ilu_dom_tot_dom_pct,cem_censo_2010_2022,2010,Infraestrutura e serviços urbanos / 2010 / Infraestrutura,Infraestrutura e serviços urbanos,Domicílios sem iluminação pública,Infraestrutura,Mais de 2 salários mínimos,Renda dos moradores,Porcentagem em relação ao total de moradores,% em relação ao total de moradores,,Moradores em domicílios particulares permanentes com rendimento nominal mensal domiciliar per capita maior que 2 SM – Não existe iluminação pública,https://raw.githubusercontent.com/cem-usp/georedus_metodologia/refs/heads/main/censo/2010/ent_ilu_dom_tot_dom_pct.md
341,,ibge_malha_br_setor_censitario_2010,cem_censo_2010_rel,ent_ilu_mor_sex_fem_res_pct,ent_ilu_dom_tot_dom_pct,cem_censo_2010_2022,2010,Infraestrutura e serviços urbanos / 2010 / Infraestrutura,Infraestrutura e serviços urbanos,Domicílios sem iluminação pública,Infraestrutura,Mulheres,Sexo dos responsáveis,Porcentagem em relação ao total de moradores em domicílios com mulheres responsáveis,% em relação ao total de moradores em domicílios com mulheres responsáveis,,Moradores em domicílios particulares permanentes com responsável do sexo feminino – Não existe iluminação pública,https://raw.githubusercontent.com/cem-usp/georedus_metodologia/refs/heads/main/censo/2010/ent_ilu_dom_tot_dom_pct.md
342,,ibge_malha_br_setor_censitario_2010,cem_censo_2010_rel,ent_ilu_mor_sex_mas_res_pct,ent_ilu_dom_tot_dom_pct,cem_censo_2010_2022,2010,Infraestrutura e serviços urbanos / 2010 / Infraestrutura,Infraestrutura e serviços urbanos,Domicílios sem iluminação pública,Infraestrutura,Homens,Sexo dos responsáveis,Porcentagem em relação ao total de moradores em domicílios com homens responsáveis,% em relação ao total de moradores em domicílios com homens responsáveis,,Moradores em domicílios particulares permanentes com responsável do sexo masculino – Não existe iluminação pública,https://raw.githubusercontent.com/cem-usp/georedus_metodologia/refs/heads/main/censo/2010/ent_ilu_dom_tot_dom_pct.md
343,,ibge_malha_br_setor_censitario_2010,cem_censo_2010_rel,ent_ilu_mor_cor_ama_pct,ent_ilu_dom_tot_dom_pct,cem_censo_2010_2022,2010,Infraestrutura e serviços urbanos / 2010 / Infraestrutura,Infraestrutura e serviços urbanos,Domicílios sem iluminação pública,Infraestrutura,Pessoas amarelas,Cor dos moradores,Porcentagem em relação ao total de moradores,% em relação ao total de moradores,,Moradores em domicílios particulares permanentes de cor ou raça amarela – Não existe iluminação pública,https://raw.githubusercontent.com/cem-usp/georedus_metodologia/refs/heads/main/censo/2010/ent_ilu_dom_tot_dom_pct.md
344,,ibge_malha_br_setor_censitario_2010,cem_censo_2010_rel,ent_ilu_mor_cor_bra_pct,ent_ilu_dom_tot_dom_pct,cem_censo_2010_2022,2010,Infraestrutura e serviços urbanos / 2010 / Infraestrutura,Infraestrutura e serviços urbanos,Domicílios sem iluminação pública,Infraestrutura,Pessoas brancas,Cor dos moradores,Porcentagem em relação ao total de moradores,% em relação ao total de moradores,,Moradores em domicílios particulares permanentes de cor ou raça branca – Não existe iluminação pública,https://raw.githubusercontent.com/cem-usp/georedus_metodologia/refs/heads/main/censo/2010/ent_ilu_dom_tot_dom_pct.md
345,,ibge_malha_br_setor_censitario_2010,cem_censo_2010_rel,ent_ilu_mor_cor_ind_pct,ent_ilu_dom_tot_dom_pct,cem_censo_2010_2022,2010,Infraestrutura e serviços urbanos / 2010 / Infraestrutura,Infraestrutura e serviços urbanos,Domicílios sem iluminação pública,Infraestrutura,Pessoas indígenas,Cor dos moradores,Porcentagem em relação ao total de moradores,% em relação ao total de moradores,,Moradores em domicílios particulares permanentes de cor ou raça indígena – Não existe iluminação pública,https://raw.githubusercontent.com/cem-usp/georedus_metodologia/refs/heads/main/censo/2010/ent_ilu_dom_tot_dom_pct.md
346,,ibge_malha_br_setor_censitario_2010,cem_censo_2010_rel,ent_ilu_mor_cor_neg_pct,ent_ilu_dom_tot_dom_pct,cem_censo_2010_2022,2010,Infraestrutura e serviços urbanos / 2010 / Infraestrutura,Infraestrutura e serviços urbanos,Domicílios sem iluminação pública,Infraestrutura,Pessoas negras,Cor dos moradores,Porcentagem em relação ao total de moradores,% em relação ao total de moradores,,Moradores em domicílios particulares permanentes de cor ou raça preta ou parda – Não existe iluminação pública,https://raw.githubusercontent.com/cem-usp/georedus_metodologia/refs/heads/main/censo/2010/ent_ilu_dom_tot_dom_pct.md
347,,ibge_malha_br_setor_censitario_2010,cem_censo_2010_rel,ent_mei_dom_tot_dom_pct,ent_mei_dom_tot_dom_pct,cem_censo_2010_2022,2010,Infraestrutura e serviços urbanos / 2010 / Infraestrutura,Infraestrutura e serviços urbanos,Domicílios sem meio-fio,Infraestrutura,Total de domicílios,Total,Porcentagem em relação ao total de domicílios,% em relação ao total de domicílios,sim,Domicílios particulares permanentes – Não existe meio- fio/guia,https://raw.githubusercontent.com/cem-usp/georedus_metodologia/refs/heads/main/censo/2010/ent_mei_dom_tot_dom_pct.md
348,,ibge_malha_br_setor_censitario_2010,cem_censo_2010_rel,ent_mei_dom_ren_12sm_pct,ent_mei_dom_tot_dom_pct,cem_censo_2010_2022,2010,Infraestrutura e serviços urbanos / 2010 / Infraestrutura,Infraestrutura e serviços urbanos,Domicílios sem meio-fio,Infraestrutura,1 a 2 salários mínimos,Renda dos responsáveis,Porcentagem em relação ao total de domicílios,% em relação ao total de domicílios,,Domicílios particulares permanentes com rendimento nominal mensal domiciliar per capita 1 a 2 SM – Não existe meio- fio/guia,https://raw.githubusercontent.com/cem-usp/georedus_metodologia/refs/heads/main/censo/2010/ent_mei_dom_tot_dom_pct.md
349,,ibge_malha_br_setor_censitario_2010,cem_censo_2010_rel,ent_mei_dom_ren_1sm_pct,ent_mei_dom_tot_dom_pct,cem_censo_2010_2022,2010,Infraestrutura e serviços urbanos / 2010 / Infraestrutura,Infraestrutura e serviços urbanos,Domicílios sem meio-fio,Infraestrutura,1/2 a 1 salário mínimo,Renda dos responsáveis,Porcentagem em relação ao total de domicílios,% em relação ao total de domicílios,,Domicílios particulares permanentes com rendimento nominal mensal domiciliar per capita 1/2 a 1 SM – Não existe meio- fio/guia,https://raw.githubusercontent.com/cem-usp/georedus_metodologia/refs/heads/main/censo/2010/ent_mei_dom_tot_dom_pct.md
350,,ibge_malha_br_setor_censitario_2010,cem_censo_2010_rel,ent_mei_dom_ren_meiosm_pct,ent_mei_dom_tot_dom_pct,cem_censo_2010_2022,2010,Infraestrutura e serviços urbanos / 2010 / Infraestrutura,Infraestrutura e serviços urbanos,Domicílios sem meio-fio,Infraestrutura,Até 1/2 salário mínimo,Renda dos responsáveis,Porcentagem em relação ao total de domicílios,% em relação ao total de domicílios,,Domicílios particulares permanentes com rendimento nominal mensal domiciliar per capita até 1/2 do SM – Não existe meio- fio/guia,https://raw.githubusercontent.com/cem-usp/georedus_metodologia/refs/heads/main/censo/2010/ent_mei_dom_tot_dom_pct.md
351,,ibge_malha_br_setor_censitario_2010,cem_censo_2010_rel,ent_mei_dom_ren_2sm_pct,ent_mei_dom_tot_dom_pct,cem_censo_2010_2022,2010,Infraestrutura e serviços urbanos / 2010 / Infraestrutura,Infraestrutura e serviços urbanos,Domicílios sem meio-fio,Infraestrutura,Mais de 2 salários mínimos,Renda dos responsáveis,Porcentagem em relação ao total de domicílios,% em relação ao total de domicílios,,Domicílios particulares permanentes com rendimento nominal mensal domiciliar per capita maior que 2 SM – Não existe meio- fio/guia,https://raw.githubusercontent.com/cem-usp/georedus_metodologia/refs/heads/main/censo/2010/ent_mei_dom_tot_dom_pct.md
352,,ibge_malha_br_setor_censitario_2010,cem_censo_2010_rel,ent_mei_dom_sex_fem_res_pct,ent_mei_dom_tot_dom_pct,cem_censo_2010_2022,2010,Infraestrutura e serviços urbanos / 2010 / Infraestrutura,Infraestrutura e serviços urbanos,Domicílios sem meio-fio,Infraestrutura,Mulheres,Sexo dos responsáveis,Porcentagem em relação ao total de domicílios com mulheres responsáveis,% em relação ao total de domicílios com mulheres responsáveis,,Domicílios particulares permanentes com responsável do sexo feminino – Não existe meio-fio/guia,https://raw.githubusercontent.com/cem-usp/georedus_metodologia/refs/heads/main/censo/2010/ent_mei_dom_tot_dom_pct.md
353,,ibge_malha_br_setor_censitario_2010,cem_censo_2010_rel,ent_mei_dom_sex_mas_res_pct,ent_mei_dom_tot_dom_pct,cem_censo_2010_2022,2010,Infraestrutura e serviços urbanos / 2010 / Infraestrutura,Infraestrutura e serviços urbanos,Domicílios sem meio-fio,Infraestrutura,Homens,Sexo dos responsáveis,Porcentagem em relação ao total de domicílios com homens responsáveis,% em relação ao total de domicílios com homens responsáveis,,Domicílios particulares permanentes com responsável do sexo masculino – Não existe meio-fio/guia,https://raw.githubusercontent.com/cem-usp/georedus_metodologia/refs/heads/main/censo/2010/ent_mei_dom_tot_dom_pct.md
354,,ibge_malha_br_setor_censitario_2010,cem_censo_2010_rel,ent_mei_mor_tot_dom_pct,ent_mei_dom_tot_dom_pct,cem_censo_2010_2022,2010,Infraestrutura e serviços urbanos / 2010 / Infraestrutura,Infraestrutura e serviços urbanos,Domicílios sem meio-fio,Infraestrutura,Total de moradores,Total,Porcentagem em relação ao total de moradores,% em relação ao total de moradores,,Moradores em domicílios particulares permanentes – Não existe meio-fio/guia,https://raw.githubusercontent.com/cem-usp/georedus_metodologia/refs/heads/main/censo/2010/ent_mei_dom_tot_dom_pct.md
355,,ibge_malha_br_setor_censitario_2010,cem_censo_2010_rel,ent_mei_mor_ren_12sm_pct,ent_mei_dom_tot_dom_pct,cem_censo_2010_2022,2010,Infraestrutura e serviços urbanos / 2010 / Infraestrutura,Infraestrutura e serviços urbanos,Domicílios sem meio-fio,Infraestrutura,1 a 2 salários mínimos,Renda dos moradores,Porcentagem em relação ao total de moradores,% em relação ao total de moradores,,Moradores em domicílios particulares permanentes com rendimento nominal mensal domiciliar per capita 1 a 2 SM – Não existe meio- fio/guia,https://raw.githubusercontent.com/cem-usp/georedus_metodologia/refs/heads/main/censo/2010/ent_mei_dom_tot_dom_pct.md
356,,ibge_malha_br_setor_censitario_2010,cem_censo_2010_rel,ent_mei_mor_ren_1sm_pct,ent_mei_dom_tot_dom_pct,cem_censo_2010_2022,2010,Infraestrutura e serviços urbanos / 2010 / Infraestrutura,Infraestrutura e serviços urbanos,Domicílios sem meio-fio,Infraestrutura,1/2 a 1 salário mínimo,Renda dos moradores,Porcentagem em relação ao total de moradores,% em relação ao total de moradores,,Moradores em domicílios particulares permanentes com rendimento nominal mensal domiciliar per capita 1/2 a 1 SM – Não existe meio- fio/guia,https://raw.githubusercontent.com/cem-usp/georedus_metodologia/refs/heads/main/censo/2010/ent_mei_dom_tot_dom_pct.md
357,,ibge_malha_br_setor_censitario_2010,cem_censo_2010_rel,ent_mei_mor_ren_2sm_pct,ent_mei_dom_tot_dom_pct,cem_censo_2010_2022,2010,Infraestrutura e serviços urbanos / 2010 / Infraestrutura,Infraestrutura e serviços urbanos,Domicílios sem meio-fio,Infraestrutura,Mais de 2 salários mínimos,Renda dos moradores,Porcentagem em relação ao total de moradores,% em relação ao total de moradores,,Moradores em domicílios particulares permanentes com rendimento nominal mensal domiciliar per capita amaior que 2 SM – Não existe meio- fio/guia,https://raw.githubusercontent.com/cem-usp/georedus_metodologia/refs/heads/main/censo/2010/ent_mei_dom_tot_dom_pct.md
358,,ibge_malha_br_setor_censitario_2010,cem_censo_2010_rel,ent_mei_mor_ren_meiosm_pct,ent_mei_dom_tot_dom_pct,cem_censo_2010_2022,2010,Infraestrutura e serviços urbanos / 2010 / Infraestrutura,Infraestrutura e serviços urbanos,Domicílios sem meio-fio,Infraestrutura,Até 1/2 salário mínimo,Renda dos moradores,Porcentagem em relação ao total de moradores,% em relação ao total de moradores,,Moradores em domicílios particulares permanentes com rendimento nominal mensal domiciliar per capita até 1/2 do SM – Não existe meio- fio/guia,https://raw.githubusercontent.com/cem-usp/georedus_metodologia/refs/heads/main/censo/2010/ent_mei_dom_tot_dom_pct.md
359,,ibge_malha_br_setor_censitario_2010,cem_censo_2010_rel,ent_mei_mor_sex_fem_res_pct,ent_mei_dom_tot_dom_pct,cem_censo_2010_2022,2010,Infraestrutura e serviços urbanos / 2010 / Infraestrutura,Infraestrutura e serviços urbanos,Domicílios sem meio-fio,Infraestrutura,Mulheres,Sexo dos responsáveis,Porcentagem em relação ao total de moradores em domicílios com mulheres responsáveis,% em relação ao total de moradores em domicílios com mulheres responsáveis,,Moradores em domicílios particulares permanentes com responsável do sexo feminino – Não existe meio-fio/guia,https://raw.githubusercontent.com/cem-usp/georedus_metodologia/refs/heads/main/censo/2010/ent_mei_dom_tot_dom_pct.md
360,,ibge_malha_br_setor_censitario_2010,cem_censo_2010_rel,ent_mei_mor_sex_mas_res_pct,ent_mei_dom_tot_dom_pct,cem_censo_2010_2022,2010,Infraestrutura e serviços urbanos / 2010 / Infraestrutura,Infraestrutura e serviços urbanos,Domicílios sem meio-fio,Infraestrutura,Homens,Sexo dos responsáveis,Porcentagem em relação ao total de moradores em domicílios com homens responsáveis,% em relação ao total de moradores em domicílios com homens responsáveis,,Moradores em domicílios particulares permanentes com responsável do sexo masculino – Não existe meio-fio/guia,https://raw.githubusercontent.com/cem-usp/georedus_metodologia/refs/heads/main/censo/2010/ent_mei_dom_tot_dom_pct.md
361,,ibge_malha_br_setor_censitario_2010,cem_censo_2010_rel,ent_mei_mor_cor_neg_pct,ent_mei_dom_tot_dom_pct,cem_censo_2010_2022,2010,Infraestrutura e serviços urbanos / 2010 / Infraestrutura,Infraestrutura e serviços urbanos,Domicílios sem meio-fio,Infraestrutura,Pessoas amarelas,Cor dos moradores,Porcentagem em relação ao total de moradores,% em relação ao total de moradores,,Moradores em domicílios particulares permanentes de cor ou raça amarela – Não existe meio-fio/guia,https://raw.githubusercontent.com/cem-usp/georedus_metodologia/refs/heads/main/censo/2010/ent_mei_dom_tot_dom_pct.md
362,,ibge_malha_br_setor_censitario_2010,cem_censo_2010_rel,ent_mei_mor_cor_ind_pct,ent_mei_dom_tot_dom_pct,cem_censo_2010_2022,2010,Infraestrutura e serviços urbanos / 2010 / Infraestrutura,Infraestrutura e serviços urbanos,Domicílios sem meio-fio,Infraestrutura,Pessoas brancas,Cor dos moradores,Porcentagem em relação ao total de moradores,% em relação ao total de moradores,,Moradores em domicílios particulares permanentes de cor ou raça branca – Não existe meio-fio/guia,https://raw.githubusercontent.com/cem-usp/georedus_metodologia/refs/heads/main/censo/2010/ent_mei_dom_tot_dom_pct.md
363,,ibge_malha_br_setor_censitario_2010,cem_censo_2010_rel,ent_mei_mor_cor_ind_pct,ent_mei_dom_tot_dom_pct,cem_censo_2010_2022,2010,Infraestrutura e serviços urbanos / 2010 / Infraestrutura,Infraestrutura e serviços urbanos,Domicílios sem meio-fio,Infraestrutura,Pessoas brancas,Cor dos moradores,Porcentagem em relação ao total de moradores,% em relação ao total de moradores,,Moradores em domicílios particulares permanentes de cor ou raça indígena – Não existe meio-fio/guia,https://raw.githubusercontent.com/cem-usp/georedus_metodologia/refs/heads/main/censo/2010/ent_mei_dom_tot_dom_pct.md
364,,ibge_malha_br_setor_censitario_2010,cem_censo_2010_rel,ent_mei_mor_cor_neg_pct,ent_mei_dom_tot_dom_pct,cem_censo_2010_2022,2010,Infraestrutura e serviços urbanos / 2010 / Infraestrutura,Infraestrutura e serviços urbanos,Domicílios sem meio-fio,Infraestrutura,Pessoas amarelas,Cor dos moradores,Porcentagem em relação ao total de moradores,% em relação ao total de moradores,,Moradores em domicílios particulares permanentes de cor ou raça preta ou parda– Não existe meio-fio/guia,https://raw.githubusercontent.com/cem-usp/georedus_metodologia/refs/heads/main/censo/2010/ent_mei_dom_tot_dom_pct.md
365,,ibge_malha_br_setor_censitario_2010,cem_censo_2010_rel,ent_pav_dom_tot_dom_pct,ent_pav_dom_tot_dom_pct,cem_censo_2010_2022,2010,Infraestrutura e serviços urbanos / 2010 / Infraestrutura,Infraestrutura e serviços urbanos,Domicílios sem pavimentação,Infraestrutura,Total de domicílios,Total,Porcentagem em relação ao total de domicílios,% em relação ao total de domicílios,sim,Domicílios particulares permanentes – Não existe pavimentação,https://raw.githubusercontent.com/cem-usp/georedus_metodologia/refs/heads/main/censo/2010/ent_pav_dom_tot_dom_pct.md
366,,ibge_malha_br_setor_censitario_2010,cem_censo_2010_rel,ent_pav_dom_ren_12sm_pct,ent_pav_dom_tot_dom_pct,cem_censo_2010_2022,2010,Infraestrutura e serviços urbanos / 2010 / Infraestrutura,Infraestrutura e serviços urbanos,Domicílios sem pavimentação,Infraestrutura,1 a 2 salários mínimos,Renda dos responsáveis,Porcentagem em relação ao total de domicílios,% em relação ao total de domicílios,,Domicílios particulares permanentes com rendimento nominal mensal domiciliar per capita 1 a 2 do SM – Não existe pavimentação,https://raw.githubusercontent.com/cem-usp/georedus_metodologia/refs/heads/main/censo/2010/ent_pav_dom_tot_dom_pct.md
367,,ibge_malha_br_setor_censitario_2010,cem_censo_2010_rel,ent_pav_dom_ren_1sm_pct,ent_pav_dom_tot_dom_pct,cem_censo_2010_2022,2010,Infraestrutura e serviços urbanos / 2010 / Infraestrutura,Infraestrutura e serviços urbanos,Domicílios sem pavimentação,Infraestrutura,1/2 a 1 salário mínimo,Renda dos responsáveis,Porcentagem em relação ao total de domicílios,% em relação ao total de domicílios,,Domicílios particulares permanentes com rendimento nominal mensal domiciliar per capita 1/2 a 1 SM – Não existe pavimentação,https://raw.githubusercontent.com/cem-usp/georedus_metodologia/refs/heads/main/censo/2010/ent_pav_dom_tot_dom_pct.md
368,,ibge_malha_br_setor_censitario_2010,cem_censo_2010_rel,ent_pav_dom_ren_meiosm_pct,ent_pav_dom_tot_dom_pct,cem_censo_2010_2022,2010,Infraestrutura e serviços urbanos / 2010 / Infraestrutura,Infraestrutura e serviços urbanos,Domicílios sem pavimentação,Infraestrutura,Até 1/2 salário mínimo,Renda dos responsáveis,Porcentagem em relação ao total de domicílios,% em relação ao total de domicílios,,Domicílios particulares permanentes com rendimento nominal mensal domiciliar per capita até 1/2 do SM – Não existe pavimentação,https://raw.githubusercontent.com/cem-usp/georedus_metodologia/refs/heads/main/censo/2010/ent_pav_dom_tot_dom_pct.md
369,,ibge_malha_br_setor_censitario_2010,cem_censo_2010_rel,ent_pav_dom_ren_2sm_pct,ent_pav_dom_tot_dom_pct,cem_censo_2010_2022,2010,Infraestrutura e serviços urbanos / 2010 / Infraestrutura,Infraestrutura e serviços urbanos,Domicílios sem pavimentação,Infraestrutura,Mais de 2 salários mínimos,Renda dos responsáveis,Porcentagem em relação ao total de domicílios,% em relação ao total de domicílios,,Domicílios particulares permanentes com rendimento nominal mensal domiciliar per capita maior que 2 SM – Não existe pavimentação,https://raw.githubusercontent.com/cem-usp/georedus_metodologia/refs/heads/main/censo/2010/ent_pav_dom_tot_dom_pct.md
370,,ibge_malha_br_setor_censitario_2010,cem_censo_2010_rel,ent_pav_dom_sex_fem_res_pct,ent_pav_dom_tot_dom_pct,cem_censo_2010_2022,2010,Infraestrutura e serviços urbanos / 2010 / Infraestrutura,Infraestrutura e serviços urbanos,Domicílios sem pavimentação,Infraestrutura,Mulheres,Sexo dos responsáveis,Porcentagem em relação ao total de domicílios com mulheres responsáveis,% em relação ao total de domicílios com mulheres responsáveis,,Domicílios particulares permanentes com responsável do sexo feminino – Não existe pavimentação,https://raw.githubusercontent.com/cem-usp/georedus_metodologia/refs/heads/main/censo/2010/ent_pav_dom_tot_dom_pct.md
371,,ibge_malha_br_setor_censitario_2010,cem_censo_2010_rel,ent_pav_dom_sex_mas_res_pct,ent_pav_dom_tot_dom_pct,cem_censo_2010_2022,2010,Infraestrutura e serviços urbanos / 2010 / Infraestrutura,Infraestrutura e serviços urbanos,Domicílios sem pavimentação,Infraestrutura,Homens,Sexo dos responsáveis,Porcentagem em relação ao total de domicílios com homens responsáveis,% em relação ao total de domicílios com homens responsáveis,,Domicílios particulares permanentes com responsável do sexo masculino – Não existe pavimentação,https://raw.githubusercontent.com/cem-usp/georedus_metodologia/refs/heads/main/censo/2010/ent_pav_dom_tot_dom_pct.md
372,,ibge_malha_br_setor_censitario_2010,cem_censo_2010_rel,ent_pav_mor_tot_dom_pct,ent_pav_dom_tot_dom_pct,cem_censo_2010_2022,2010,Infraestrutura e serviços urbanos / 2010 / Infraestrutura,Infraestrutura e serviços urbanos,Domicílios sem pavimentação,Infraestrutura,Total de moradores,Total,Porcentagem em relação ao total de moradores,% em relação ao total de moradores,,Moradores em domicílios particulares permanentes – Não existe pavimentação,https://raw.githubusercontent.com/cem-usp/georedus_metodologia/refs/heads/main/censo/2010/ent_pav_dom_tot_dom_pct.md
373,,ibge_malha_br_setor_censitario_2010,cem_censo_2010_rel,ent_pav_mor_ren_2sm_pct,ent_pav_dom_tot_dom_pct,cem_censo_2010_2022,2010,Infraestrutura e serviços urbanos / 2010 / Infraestrutura,Infraestrutura e serviços urbanos,Domicílios sem pavimentação,Infraestrutura,Mais de 2 salários mínimos,Renda dos moradores,Porcentagem em relação ao total de moradores,% em relação ao total de moradores,,Moradores em domicílios particulares permanentes com rendimento nominal mensal domiciliar per capita até 1/2 do SM – Não existe pavimentação,https://raw.githubusercontent.com/cem-usp/georedus_metodologia/refs/heads/main/censo/2010/ent_pav_dom_tot_dom_pct.md
374,,ibge_malha_br_setor_censitario_2010,cem_censo_2010_rel,ent_pav_mor_ren_meiosm_pct,ent_pav_dom_tot_dom_pct,cem_censo_2010_2022,2010,Infraestrutura e serviços urbanos / 2010 / Infraestrutura,Infraestrutura e serviços urbanos,Domicílios sem pavimentação,Infraestrutura,Até 1/2 salário mínimo,Renda dos moradores,Porcentagem em relação ao total de moradores,% em relação ao total de moradores,,Moradores em domicílios particulares permanentes com rendimento nominal mensal domiciliar per capita até 1/2 do SM – Não existe pavimentação,https://raw.githubusercontent.com/cem-usp/georedus_metodologia/refs/heads/main/censo/2010/ent_pav_dom_tot_dom_pct.md
375,,ibge_malha_br_setor_censitario_2010,cem_censo_2010_rel,ent_pav_mor_ren_1sm_pct,ent_pav_dom_tot_dom_pct,cem_censo_2010_2022,2010,Infraestrutura e serviços urbanos / 2010 / Infraestrutura,Infraestrutura e serviços urbanos,Domicílios sem pavimentação,Infraestrutura,1/2 a 1 salário mínimo,Renda dos moradores,Porcentagem em relação ao total de moradores,% em relação ao total de moradores,,Moradores em domicílios particulares permanentes com rendimento nominal mensal domiciliar per capita até 1/2 do SM – Não existe pavimentação,https://raw.githubusercontent.com/cem-usp/georedus_metodologia/refs/heads/main/censo/2010/ent_pav_dom_tot_dom_pct.md
376,,ibge_malha_br_setor_censitario_2010,cem_censo_2010_rel,ent_pav_mor_ren_12sm_pct,ent_pav_dom_tot_dom_pct,cem_censo_2010_2022,2010,Infraestrutura e serviços urbanos / 2010 / Infraestrutura,Infraestrutura e serviços urbanos,Domicílios sem pavimentação,Infraestrutura,1 a 2 salários mínimos,Renda dos moradores,Porcentagem em relação ao total de moradores,% em relação ao total de moradores,,Moradores em domicílios particulares permanentes com rendimento nominal mensal domiciliar per capita até 1/2 do SM – Não existe pavimentação,https://raw.githubusercontent.com/cem-usp/georedus_metodologia/refs/heads/main/censo/2010/ent_pav_dom_tot_dom_pct.md
377,,ibge_malha_br_setor_censitario_2010,cem_censo_2010_rel,ent_pav_mor_sex_fem_res_pct,ent_pav_dom_tot_dom_pct,cem_censo_2010_2022,2010,Infraestrutura e serviços urbanos / 2010 / Infraestrutura,Infraestrutura e serviços urbanos,Domicílios sem pavimentação,Infraestrutura,Mulheres,Sexo dos responsáveis,Porcentagem em relação ao total de moradores em domicílios com mulheres responsáveis,% em relação ao total de moradores em domicílios com mulheres responsáveis,,Moradores em domicílios particulares permanentes com responsável do sexo feminino – Não existe pavimentação,https://raw.githubusercontent.com/cem-usp/georedus_metodologia/refs/heads/main/censo/2010/ent_pav_dom_tot_dom_pct.md
378,,ibge_malha_br_setor_censitario_2010,cem_censo_2010_rel,ent_pav_mor_sex_mas_res_pct,ent_pav_dom_tot_dom_pct,cem_censo_2010_2022,2010,Infraestrutura e serviços urbanos / 2010 / Infraestrutura,Infraestrutura e serviços urbanos,Domicílios sem pavimentação,Infraestrutura,Homens,Sexo dos responsáveis,Porcentagem em relação ao total de moradores em domicílios com homens responsáveis,% em relação ao total de moradores em domicílios com homens responsáveis,,Moradores em domicílios particulares permanentes com responsável do sexo masculino – Não existe pavimentação,https://raw.githubusercontent.com/cem-usp/georedus_metodologia/refs/heads/main/censo/2010/ent_pav_dom_tot_dom_pct.md
379,,ibge_malha_br_setor_censitario_2010,cem_censo_2010_rel,ent_pav_mor_cor_ama_pct,ent_pav_dom_tot_dom_pct,cem_censo_2010_2022,2010,Infraestrutura e serviços urbanos / 2010 / Infraestrutura,Infraestrutura e serviços urbanos,Domicílios sem pavimentação,Infraestrutura,Pessoas amarelas,Cor dos moradores,Porcentagem em relação ao total de moradores,% em relação ao total de moradores,,Moradores em domicílios particulares permanentes de cor ou raça amarela – Não existe pavimentação,https://raw.githubusercontent.com/cem-usp/georedus_metodologia/refs/heads/main/censo/2010/ent_pav_dom_tot_dom_pct.md
380,,ibge_malha_br_setor_censitario_2010,cem_censo_2010_rel,ent_pav_mor_cor_bra_pct,ent_pav_dom_tot_dom_pct,cem_censo_2010_2022,2010,Infraestrutura e serviços urbanos / 2010 / Infraestrutura,Infraestrutura e serviços urbanos,Domicílios sem pavimentação,Infraestrutura,Pessoas brancas,Cor dos moradores,Porcentagem em relação ao total de moradores,% em relação ao total de moradores,,Moradores em domicílios particulares permanentes de cor ou raça branca – Não existe pavimentação,https://raw.githubusercontent.com/cem-usp/georedus_metodologia/refs/heads/main/censo/2010/ent_pav_dom_tot_dom_pct.md
381,,ibge_malha_br_setor_censitario_2010,cem_censo_2010_rel,ent_pav_mor_cor_ind_pct,ent_pav_dom_tot_dom_pct,cem_censo_2010_2022,2010,Infraestrutura e serviços urbanos / 2010 / Infraestrutura,Infraestrutura e serviços urbanos,Domicílios sem pavimentação,Infraestrutura,Pessoas indígenas,Cor dos moradores,Porcentagem em relação ao total de moradores,% em relação ao total de moradores,,Moradores em domicílios particulares permanentes de cor ou raça indígena – Não existe pavimentação,https://raw.githubusercontent.com/cem-usp/georedus_metodologia/refs/heads/main/censo/2010/ent_pav_dom_tot_dom_pct.md
382,,ibge_malha_br_setor_censitario_2010,cem_censo_2010_rel,ent_pav_mor_cor_neg_pct,ent_pav_dom_tot_dom_pct,cem_censo_2010_2022,2010,Infraestrutura e serviços urbanos / 2010 / Infraestrutura,Infraestrutura e serviços urbanos,Domicílios sem pavimentação,Infraestrutura,Pessoas negras,Cor dos moradores,Porcentagem em relação ao total de moradores,% em relação ao total de moradores,,Moradores em domicílios particulares permanentes de cor ou raça preta ou parda – Não existe pavimentação,https://raw.githubusercontent.com/cem-usp/georedus_metodologia/refs/heads/main/censo/2010/ent_pav_dom_tot_dom_pct.md
383,,ibge_malha_br_setor_censitario_2010,cem_censo_2010_rel,ent_ram_dom_tot_dom_pct,ent_ram_dom_tot_dom_pct,cem_censo_2010_2022,2010,Infraestrutura e serviços urbanos / 2010 / Infraestrutura,Infraestrutura e serviços urbanos,Domicílios sem rampa para cadeirante,Infraestrutura,Total de domicílios,Total,Porcentagem em relação ao total de domicílios,% em relação ao total de domicílios,sim,Domicílios particulares permanentes – Não existe rampa para cadeirante,https://raw.githubusercontent.com/cem-usp/georedus_metodologia/refs/heads/main/censo/2010/ent_ram_dom_tot_dom_pct.md
384,,ibge_malha_br_setor_censitario_2010,cem_censo_2010_rel,ent_ram_dom_ren_12sm_pct,ent_ram_dom_tot_dom_pct,cem_censo_2010_2022,2010,Infraestrutura e serviços urbanos / 2010 / Infraestrutura,Infraestrutura e serviços urbanos,Domicílios sem rampa para cadeirante,Infraestrutura,1 a 2 salários mínimos,Renda dos responsáveis,Porcentagem em relação ao total de domicílios,% em relação ao total de domicílios,,Domicílios particulares permanentes com rendimento nominal mensal domiciliar per capita 1 a 2 do SM – Não existe rampa para cadeirante,https://raw.githubusercontent.com/cem-usp/georedus_metodologia/refs/heads/main/censo/2010/ent_ram_dom_tot_dom_pct.md
385,,ibge_malha_br_setor_censitario_2010,cem_censo_2010_rel,ent_ram_dom_ren_1sm_pct,ent_ram_dom_tot_dom_pct,cem_censo_2010_2022,2010,Infraestrutura e serviços urbanos / 2010 / Infraestrutura,Infraestrutura e serviços urbanos,Domicílios sem rampa para cadeirante,Infraestrutura,1/2 a 1 salário mínimo,Renda dos responsáveis,Porcentagem em relação ao total de domicílios,% em relação ao total de domicílios,,Domicílios particulares permanentes com rendimento nominal mensal domiciliar per capita 1/2 a 1 SM – Não existe rampa para cadeirante,https://raw.githubusercontent.com/cem-usp/georedus_metodologia/refs/heads/main/censo/2010/ent_ram_dom_tot_dom_pct.md
386,,ibge_malha_br_setor_censitario_2010,cem_censo_2010_rel,ent_ram_dom_ren_meiosm_pct,ent_ram_dom_tot_dom_pct,cem_censo_2010_2022,2010,Infraestrutura e serviços urbanos / 2010 / Infraestrutura,Infraestrutura e serviços urbanos,Domicílios sem rampa para cadeirante,Infraestrutura,Até 1/2 salário mínimo,Renda dos responsáveis,Porcentagem em relação ao total de domicílios,% em relação ao total de domicílios,,Domicílios particulares permanentes com rendimento nominal mensal domiciliar per capita até 1/2 do SM – Não existe rampa para cadeirante,https://raw.githubusercontent.com/cem-usp/georedus_metodologia/refs/heads/main/censo/2010/ent_ram_dom_tot_dom_pct.md
387,,ibge_malha_br_setor_censitario_2010,cem_censo_2010_rel,ent_ram_dom_ren_2sm_pct,ent_ram_dom_tot_dom_pct,cem_censo_2010_2022,2010,Infraestrutura e serviços urbanos / 2010 / Infraestrutura,Infraestrutura e serviços urbanos,Domicílios sem rampa para cadeirante,Infraestrutura,Mais de 2 salários mínimos,Renda dos responsáveis,Porcentagem em relação ao total de domicílios,% em relação ao total de domicílios,,Domicílios particulares permanentes com rendimento nominal mensal domiciliar per capita maior que 2 SM – Não existe rampa para cadeirante,https://raw.githubusercontent.com/cem-usp/georedus_metodologia/refs/heads/main/censo/2010/ent_ram_dom_tot_dom_pct.md
388,,ibge_malha_br_setor_censitario_2010,cem_censo_2010_rel,ent_ram_dom_sex_fem_res_pct,ent_ram_dom_tot_dom_pct,cem_censo_2010_2022,2010,Infraestrutura e serviços urbanos / 2010 / Infraestrutura,Infraestrutura e serviços urbanos,Domicílios sem rampa para cadeirante,Infraestrutura,Mulheres,Sexo dos responsáveis,Porcentagem em relação ao total de domicílios com mulheres responsáveis,% em relação ao total de domicílios com mulheres responsáveis,,Domicílios particulares permanentes com responsável do sexo feminino – Não existe rampa para cadeirante,https://raw.githubusercontent.com/cem-usp/georedus_metodologia/refs/heads/main/censo/2010/ent_ram_dom_tot_dom_pct.md
389,,ibge_malha_br_setor_censitario_2010,cem_censo_2010_rel,ent_ram_dom_sex_mas_res_pct,ent_ram_dom_tot_dom_pct,cem_censo_2010_2022,2010,Infraestrutura e serviços urbanos / 2010 / Infraestrutura,Infraestrutura e serviços urbanos,Domicílios sem rampa para cadeirante,Infraestrutura,Homens,Sexo dos responsáveis,Porcentagem em relação ao total de domicílios com homens responsáveis,% em relação ao total de domicílios com homens responsáveis,,Domicílios particulares permanentes com responsável do sexo masculino – Não existe rampa para cadeirante,https://raw.githubusercontent.com/cem-usp/georedus_metodologia/refs/heads/main/censo/2010/ent_ram_dom_tot_dom_pct.md
390,,ibge_malha_br_setor_censitario_2010,cem_censo_2010_rel,ent_ram_mor_tot_dom_pct,ent_ram_dom_tot_dom_pct,cem_censo_2010_2022,2010,Infraestrutura e serviços urbanos / 2010 / Infraestrutura,Infraestrutura e serviços urbanos,Domicílios sem rampa para cadeirante,Infraestrutura,Total de moradores,Total,Porcentagem em relação ao total de moradores,% em relação ao total de moradores,,Moradores em domicílios particulares permanentes – Não existe rampa para cadeirante,https://raw.githubusercontent.com/cem-usp/georedus_metodologia/refs/heads/main/censo/2010/ent_ram_dom_tot_dom_pct.md
391,,ibge_malha_br_setor_censitario_2010,cem_censo_2010_rel,ent_ram_mor_ren_12sm_pct,ent_ram_dom_tot_dom_pct,cem_censo_2010_2022,2010,Infraestrutura e serviços urbanos / 2010 / Infraestrutura,Infraestrutura e serviços urbanos,Domicílios sem rampa para cadeirante,Infraestrutura,1 a 2 salários mínimos,Renda dos moradores,Porcentagem em relação ao total de moradores,% em relação ao total de moradores,,Moradores em domicílios particulares permanentes com rendimento nominal mensal domiciliar per capita 1 a 2 SM – Não existe rampa para cadeirante,https://raw.githubusercontent.com/cem-usp/georedus_metodologia/refs/heads/main/censo/2010/ent_ram_dom_tot_dom_pct.md
392,,ibge_malha_br_setor_censitario_2010,cem_censo_2010_rel,ent_ram_mor_ren_12sm_pct,ent_ram_dom_tot_dom_pct,cem_censo_2010_2022,2010,Infraestrutura e serviços urbanos / 2010 / Infraestrutura,Infraestrutura e serviços urbanos,Domicílios sem rampa para cadeirante,Infraestrutura,1 a 2 salários mínimos,Renda dos moradores,Porcentagem em relação ao total de moradores,% em relação ao total de moradores,,Moradores em domicílios particulares permanentes com rendimento nominal mensal domiciliar per capita 1/2 a 1 SM – Não existe rampa para cadeirante,https://raw.githubusercontent.com/cem-usp/georedus_metodologia/refs/heads/main/censo/2010/ent_ram_dom_tot_dom_pct.md
393,,ibge_malha_br_setor_censitario_2010,cem_censo_2010_rel,ent_ram_mor_ren_12sm_pct,ent_ram_dom_tot_dom_pct,cem_censo_2010_2022,2010,Infraestrutura e serviços urbanos / 2010 / Infraestrutura,Infraestrutura e serviços urbanos,Domicílios sem rampa para cadeirante,Infraestrutura,1 a 2 salários mínimos,Renda dos moradores,Porcentagem em relação ao total de moradores,% em relação ao total de moradores,,Moradores em domicílios particulares permanentes com rendimento nominal mensal domiciliar per capita até 1/2 do SM – Não existe rampa para cadeirante,https://raw.githubusercontent.com/cem-usp/georedus_metodologia/refs/heads/main/censo/2010/ent_ram_dom_tot_dom_pct.md
394,,ibge_malha_br_setor_censitario_2010,cem_censo_2010_rel,ent_ram_mor_ren_12sm_pct,ent_ram_dom_tot_dom_pct,cem_censo_2010_2022,2010,Infraestrutura e serviços urbanos / 2010 / Infraestrutura,Infraestrutura e serviços urbanos,Domicílios sem rampa para cadeirante,Infraestrutura,1 a 2 salários mínimos,Renda dos moradores,Porcentagem em relação ao total de moradores,% em relação ao total de moradores,,Moradores em domicílios particulares permanentes com rendimento nominal mensal domiciliar per capita maior que 2 do SM – Não existe rampa para cadeirante,https://raw.githubusercontent.com/cem-usp/georedus_metodologia/refs/heads/main/censo/2010/ent_ram_dom_tot_dom_pct.md
395,,ibge_malha_br_setor_censitario_2010,cem_censo_2010_rel,ent_ram_mor_sex_fem_res_pct,ent_ram_dom_tot_dom_pct,cem_censo_2010_2022,2010,Infraestrutura e serviços urbanos / 2010 / Infraestrutura,Infraestrutura e serviços urbanos,Domicílios sem rampa para cadeirante,Infraestrutura,Mulheres,Sexo dos responsáveis,Porcentagem em relação ao total de moradores em domicílios com homens responsáveis,% em relação ao total de moradores em domicílios com homens responsáveis,,Moradores em domicílios particulares permanentes com responsável do sexo feminino – Não existe rampa para cadeirante,https://raw.githubusercontent.com/cem-usp/georedus_metodologia/refs/heads/main/censo/2010/ent_ram_dom_tot_dom_pct.md
396,,ibge_malha_br_setor_censitario_2010,cem_censo_2010_rel,ent_ram_mor_sex_fem_res_pct,ent_ram_dom_tot_dom_pct,cem_censo_2010_2022,2010,Infraestrutura e serviços urbanos / 2010 / Infraestrutura,Infraestrutura e serviços urbanos,Domicílios sem rampa para cadeirante,Infraestrutura,Mulheres,Sexo dos responsáveis,Porcentagem em relação ao total de moradores em domicílios com homens responsáveis,% em relação ao total de moradores em domicílios com homens responsáveis,,Moradores em domicílios particulares permanentes com responsável do sexo masculino – Não existe rampa para cadeirante,https://raw.githubusercontent.com/cem-usp/georedus_metodologia/refs/heads/main/censo/2010/ent_ram_dom_tot_dom_pct.md
397,,ibge_malha_br_setor_censitario_2010,cem_censo_2010_rel,ent_ram_mor_cor_ama_pct,ent_ram_dom_tot_dom_pct,cem_censo_2010_2022,2010,Infraestrutura e serviços urbanos / 2010 / Infraestrutura,Infraestrutura e serviços urbanos,Domicílios sem rampa para cadeirante,Infraestrutura,Pessoas amarelas,Cor dos moradores,Porcentagem em relação ao total de moradores,% em relação ao total de moradores,,Moradores em domicílios particulares permanentes de cor ou raça amarela – Não existe rampa para cadeirante,https://raw.githubusercontent.com/cem-usp/georedus_metodologia/refs/heads/main/censo/2010/ent_ram_dom_tot_dom_pct.md
398,,ibge_malha_br_setor_censitario_2010,cem_censo_2010_rel,ent_ram_mor_cor_bra_pct,ent_ram_dom_tot_dom_pct,cem_censo_2010_2022,2010,Infraestrutura e serviços urbanos / 2010 / Infraestrutura,Infraestrutura e serviços urbanos,Domicílios sem rampa para cadeirante,Infraestrutura,Pessoas brancas,Cor dos moradores,Porcentagem em relação ao total de moradores,% em relação ao total de moradores,,Moradores em domicílios particulares permanentes de cor ou raça branca – Não existe rampa para cadeirante,https://raw.githubusercontent.com/cem-usp/georedus_metodologia/refs/heads/main/censo/2010/ent_ram_dom_tot_dom_pct.md
399,,ibge_malha_br_setor_censitario_2010,cem_censo_2010_rel,ent_ram_mor_cor_ind_pct,ent_ram_dom_tot_dom_pct,cem_censo_2010_2022,2010,Infraestrutura e serviços urbanos / 2010 / Infraestrutura,Infraestrutura e serviços urbanos,Domicílios sem rampa para cadeirante,Infraestrutura,Pessoas indígenas,Cor dos moradores,Porcentagem em relação ao total de moradores,% em relação ao total de moradores,,Moradores em domicílios particulares permanentes de cor ou raça indígena – Não existe rampa para cadeirante,https://raw.githubusercontent.com/cem-usp/georedus_metodologia/refs/heads/main/censo/2010/ent_ram_dom_tot_dom_pct.md
400,,ibge_malha_br_setor_censitario_2010,cem_censo_2010_rel,ent_ram_mor_cor_neg_pct,ent_ram_dom_tot_dom_pct,cem_censo_2010_2022,2010,Infraestrutura e serviços urbanos / 2010 / Infraestrutura,Infraestrutura e serviços urbanos,Domicílios sem rampa para cadeirante,Infraestrutura,Pessoas negras,Cor dos moradores,Porcentagem em relação ao total de moradores,% em relação ao total de moradores,,Moradores em domicílios particulares permanentes de cor ou raça preta ou parda – Não existe rampa para cadeirante,https://raw.githubusercontent.com/cem-usp/georedus_metodologia/refs/heads/main/censo/2010/ent_ram_dom_tot_dom_pct.md
999,,ibge_malha_br_setor_censitario_2010,cem_censo_2010_rel,edu_pop_mor_tot_0_3_pct,edu_pop_mor_tot_0_3,cem_censo_2010_2022,2010,Educação / 2010 / População por faixa etária,Educação,Crianças entre 0 e 3 anos de idade (creche),População por faixa etária,Total de residentes,Total,Porcentagem em relação ao total de residentes,% em relação ao total de residentes,sim,Pessoas entre 0 a 3 anos de idade,https://raw.githubusercontent.com/cem-usp/georedus_metodologia/refs/heads/main/censo/2010/edu_pop_mor_tot_0_3.md
999,,ibge_malha_br_setor_censitario_2010,cem_censo_2010_rel,edu_pop_mor_tot_11_14_pct,edu_pop_mor_tot_11_14,cem_censo_2010_2022,2010,Educação / 2010 / População por faixa etária,Educação,Adolescentes entre 11 e 14 anos (EF2),População por faixa etária,Total de residentes,Total,Porcentagem em relação ao total de residentes,% em relação ao total de residentes,sim,Pessoas entre 11 e 14 anos de idade,https://raw.githubusercontent.com/cem-usp/georedus_metodologia/refs/heads/main/censo/2010/edu_pop_mor_tot_11_14.md
999,,ibge_malha_br_setor_censitario_2010,cem_censo_2010_rel,edu_pop_mor_tot_15_17_pct,edu_pop_mor_tot_15_17,cem_censo_2010_2022,2010,Educação / 2010 / População por faixa etária,Educação,Jovens entre 15 e 17 anos (EM),População por faixa etária,Total de residentes,Total,Porcentagem em relação ao total de residentes,% em relação ao total de residentes,sim,Pessoas entre 15 e 17 anos de idade,https://raw.githubusercontent.com/cem-usp/georedus_metodologia/refs/heads/main/censo/2010/edu_pop_mor_tot_15_17.md
999,,ibge_malha_br_setor_censitario_2010,cem_censo_2010_rel,edu_pop_mor_tot_4_5_pct,edu_pop_mor_tot_4_5,cem_censo_2010_2022,2010,Educação / 2010 / População por faixa etária,Educação,Crianças entre 4 e 5 anos de idade (pré-escola),População por faixa etária,Total de residentes,Total,Porcentagem em relação ao total de residentes,% em relação ao total de residentes,sim,Pessoas entre 4 e 5 anos de idade,https://raw.githubusercontent.com/cem-usp/georedus_metodologia/refs/heads/main/censo/2010/edu_pop_mor_tot_4_5.md
999,,ibge_malha_br_setor_censitario_2010,cem_censo_2010_rel,edu_pop_mor_tot_6_10_pct,edu_pop_mor_tot_6_10,cem_censo_2010_2022,2010,Educação / 2010 / População por faixa etária,Educação,Crianças entre 6 e 10 anos (EF1),População por faixa etária,Total de residentes,Total,Porcentagem em relação ao total de residentes,% em relação ao total de residentes,sim,Pessoas entre 6 e 10 anos de idade,https://raw.githubusercontent.com/cem-usp/georedus_metodologia/refs/heads/main/censo/2010/edu_pop_mor_tot_6_10.md
,,ibge_malha_br_setor_censitario_2010,cem_censo_2010_rel,ser_agu_dom_tot_dom_pct,ser_agu_dom_tot_dom_pct,cem_censo_2010_2022,2010,Infraestrutura e serviços urbanos / 2010 / Serviços urbanos,Infraestrutura e serviços urbanos,Domicílios sem abastecimento de água da rede geral,Serviços urbanos,Total de domicílios,Total,Porcentagem em relação ao total de domicílios,% em relação ao total de domicílios,sim,Domicílios particulares permanentes sem abastecimento de água da rede geral,https://raw.githubusercontent.com/cem-usp/georedus_metodologia/refs/heads/main/censo/2010/ser_agu_dom_tot_dom_pct.md
,,ibge_malha_br_setor_censitario_2010,cem_censo_2010_rel,ser_agu_mor_sex_mas_pct,ser_agu_dom_tot_dom_pct,cem_censo_2010_2022,2010,Infraestrutura e serviços urbanos / 2010 / Serviços urbanos,Infraestrutura e serviços urbanos,Domicílios sem abastecimento de água da rede geral,Serviços urbanos,Homens,Sexo dos moradores,Porcentagem em relação ao total de homens nos domicílios,% em relação ao total de homens nos domicílios,,Homens moradores em domicílios particulares permanentes sem abastecimento de água da rede geral,https://raw.githubusercontent.com/cem-usp/georedus_metodologia/refs/heads/main/censo/2010/ser_agu_dom_tot_dom_pct.md
,,ibge_malha_br_setor_censitario_2010,cem_censo_2010_rel,ser_agu_mor_tot_dom_pct,ser_agu_dom_tot_dom_pct,cem_censo_2010_2022,2010,Infraestrutura e serviços urbanos / 2010 / Serviços urbanos,Infraestrutura e serviços urbanos,Domicílios sem abastecimento de água da rede geral,Serviços urbanos,Total de moradores,Total,Porcentagem em relação ao total de moradores,% em relação ao total de moradores,,Moradores em domicílios particulares permanentes sem abastecimento de água da rede geral,https://raw.githubusercontent.com/cem-usp/georedus_metodologia/refs/heads/main/censo/2010/ser_agu_dom_tot_dom_pct.md
,,ibge_malha_br_setor_censitario_2010,cem_censo_2010_rel,ser_agu_mor_sex_fem_pct,ser_agu_dom_tot_dom_pct,cem_censo_2010_2022,2010,Infraestrutura e serviços urbanos / 2010 / Serviços urbanos,Infraestrutura e serviços urbanos,Domicílios sem abastecimento de água da rede geral,Serviços urbanos,Mulheres,Sexo dos moradores,Porcentagem em relação ao total de mulheres nos domicílios,% em relação ao total de mulheres nos domicílios,,Mulheres moradoras em domicílios particulares permanentes sem abastecimento de água da rede geral,https://raw.githubusercontent.com/cem-usp/georedus_metodologia/refs/heads/main/censo/2010/ser_agu_dom_tot_dom_pct.md
,,ibge_malha_br_setor_censitario_2010,cem_censo_2010_rel,ser_ene_dom_tot_dom_pct,ser_agu_dom_tot_dom_pct,cem_censo_2010_2022,2010,Infraestrutura e serviços urbanos / 2010 / Serviços urbanos,Infraestrutura e serviços urbanos,Domicílios sem energia elétrica de distribuidora,Serviços urbanos,Total de domicílios,Total,Porcentagem em relação ao total de domicílios,% em relação ao total de domicílios,sim,Domicílios particulares permanentes sem energia elétrica de companhia distribuidora,https://raw.githubusercontent.com/cem-usp/georedus_metodologia/refs/heads/main/censo/2010/ser_agu_dom_tot_dom_pct.md
,,ibge_malha_br_setor_censitario_2010,cem_censo_2010_rel,ser_ene_mor_sex_mas_pct,ser_agu_dom_tot_dom_pct,cem_censo_2010_2022,2010,Infraestrutura e serviços urbanos / 2010 / Serviços urbanos,Infraestrutura e serviços urbanos,Domicílios sem energia elétrica de distribuidora,Serviços urbanos,Homens,Sexo dos moradores,Porcentagem em relação ao total de homens nos domicílios,% em relação ao total de homens nos domicílios,,Homens moradores em domicílios particulares permanentes sem energia elétrica de companhia distribuidora,https://raw.githubusercontent.com/cem-usp/georedus_metodologia/refs/heads/main/censo/2010/ser_agu_dom_tot_dom_pct.md
,,ibge_malha_br_setor_censitario_2010,cem_censo_2010_rel,ser_ene_mor_tot_dom_pct,ser_agu_dom_tot_dom_pct,cem_censo_2010_2022,2010,Infraestrutura e serviços urbanos / 2010 / Serviços urbanos,Infraestrutura e serviços urbanos,Domicílios sem energia elétrica de distribuidora,Serviços urbanos,Total de moradores,Total,Porcentagem em relação ao total de moradores,% em relação ao total de moradores,,Moradores em domicílios particulares permanentes sem energia elétrica de companhia distribuidora,https://raw.githubusercontent.com/cem-usp/georedus_metodologia/refs/heads/main/censo/2010/ser_agu_dom_tot_dom_pct.md
,,ibge_malha_br_setor_censitario_2010,cem_censo_2010_rel,ser_ene_mor_sex_fem_pct,ser_agu_dom_tot_dom_pct,cem_censo_2010_2022,2010,Infraestrutura e serviços urbanos / 2010 / Serviços urbanos,Infraestrutura e serviços urbanos,Domicílios sem energia elétrica de distribuidora,Serviços urbanos,Mulheres,Sexo dos moradores,Porcentagem em relação ao total de mulheres nos domicílios,% em relação ao total de mulheres nos domicílios,,Mulheres moradoras em domicílios particulares permanentes sem energia elétrica de companhia distribuidora,https://raw.githubusercontent.com/cem-usp/georedus_metodologia/refs/heads/main/censo/2010/ser_agu_dom_tot_dom_pct.md
,,ibge_malha_br_setor_censitario_2010,cem_censo_2010_rel,ser_esg_dom_tot_dom_pct,ser_agu_dom_tot_dom_pct,cem_censo_2010_2022,2010,Infraestrutura e serviços urbanos / 2010 / Serviços urbanos,Infraestrutura e serviços urbanos,Domicílios sem esgotamento sanitário e sem banheiro,Serviços urbanos,Total de domicílios,Total,Porcentagem em relação ao total de domicílios,% em relação ao total de domicílios,sim,Domicílios particulares permanentes sem esgotamento sanitário via rede geral de esgoto ou pluvial,https://raw.githubusercontent.com/cem-usp/georedus_metodologia/refs/heads/main/censo/2010/ser_agu_dom_tot_dom_pct.md
,,ibge_malha_br_setor_censitario_2010,cem_censo_2010_rel,ser_esg_mor_sex_mas_pct,ser_agu_dom_tot_dom_pct,cem_censo_2010_2022,2010,Infraestrutura e serviços urbanos / 2010 / Serviços urbanos,Infraestrutura e serviços urbanos,Domicílios sem esgotamento sanitário e sem banheiro,Serviços urbanos,Homens,Sexo dos moradores,Porcentagem em relação ao total de homens nos domicílios,% em relação ao total de homens nos domicílios,,Homens moradores em domicílios particulares permanentes sem esgotamento sanitário via rede geral de esgoto ou pluvial,https://raw.githubusercontent.com/cem-usp/georedus_metodologia/refs/heads/main/censo/2010/ser_agu_dom_tot_dom_pct.md
,,ibge_malha_br_setor_censitario_2010,cem_censo_2010_rel,ser_esg_mor_tot_dom_pct,ser_agu_dom_tot_dom_pct,cem_censo_2010_2022,2010,Infraestrutura e serviços urbanos / 2010 / Serviços urbanos,Infraestrutura e serviços urbanos,Domicílios sem esgotamento sanitário e sem banheiro,Serviços urbanos,Total de moradores,Total,Porcentagem em relação ao total de moradores,% em relação ao total de moradores,,Moradores em domicílios particulares permanentes sem esgotamento sanitário via rede geral de esgoto ou pluvial,https://raw.githubusercontent.com/cem-usp/georedus_metodologia/refs/heads/main/censo/2010/ser_agu_dom_tot_dom_pct.md
,,ibge_malha_br_setor_censitario_2010,cem_censo_2010_rel,ser_esg_mor_sex_fem_pct,ser_agu_dom_tot_dom_pct,cem_censo_2010_2022,2010,Infraestrutura e serviços urbanos / 2010 / Serviços urbanos,Infraestrutura e serviços urbanos,Domicílios sem esgotamento sanitário e sem banheiro,Serviços urbanos,Mulheres,Sexo dos moradores,Porcentagem em relação ao total de mulheres nos domicílios,% em relação ao total de mulheres nos domicílios,,Mulheres moradoras em domicílios particulares permanentes sem esgotamento sanitário via rede geral de esgoto ou pluvial,https://raw.githubusercontent.com/cem-usp/georedus_metodologia/refs/heads/main/censo/2010/ser_agu_dom_tot_dom_pct.md
,,ibge_malha_br_setor_censitario_2010,cem_censo_2010_rel,ser_lix_dom_tot_dom_pct,ser_agu_dom_tot_dom_pct,cem_censo_2010_2022,2010,Infraestrutura e serviços urbanos / 2010 / Serviços urbanos,Infraestrutura e serviços urbanos,Domicílios sem coleta de lixo,Serviços urbanos,Total de domicílios,Total,Porcentagem em relação ao total de domicílios,% em relação ao total de domicílios,sim,Domicílios particulares permanentes sem lixo coletado,https://raw.githubusercontent.com/cem-usp/georedus_metodologia/refs/heads/main/censo/2010/ser_agu_dom_tot_dom_pct.md
,,ibge_malha_br_setor_censitario_2010,cem_censo_2010_rel,ser_lix_mor_sex_mas_pct,ser_agu_dom_tot_dom_pct,cem_censo_2010_2022,2010,Infraestrutura e serviços urbanos / 2010 / Serviços urbanos,Infraestrutura e serviços urbanos,Domicílios sem coleta de lixo,Serviços urbanos,Homens,Sexo dos moradores,Porcentagem em relação ao total de homens nos domicílios,% em relação ao total de homens nos domicílios,,Homens moradores em domicílios particulares permanentes sem lixo coletado,https://raw.githubusercontent.com/cem-usp/georedus_metodologia/refs/heads/main/censo/2010/ser_agu_dom_tot_dom_pct.md
,,ibge_malha_br_setor_censitario_2010,cem_censo_2010_rel,ser_lix_mor_tot_dom_pct,ser_agu_dom_tot_dom_pct,cem_censo_2010_2022,2010,Infraestrutura e serviços urbanos / 2010 / Serviços urbanos,Infraestrutura e serviços urbanos,Domicílios sem coleta de lixo,Serviços urbanos,Total de moradores,Total,Porcentagem em relação ao total de moradores,% em relação ao total de moradores,,Moradores em domicílios particulares permanentes sem lixo coletado,https://raw.githubusercontent.com/cem-usp/georedus_metodologia/refs/heads/main/censo/2010/ser_agu_dom_tot_dom_pct.md
,,ibge_malha_br_setor_censitario_2010,cem_censo_2010_rel,ser_lix_mor_sex_fem_pct,ser_agu_dom_tot_dom_pct,cem_censo_2010_2022,2010,Infraestrutura e serviços urbanos / 2010 / Serviços urbanos,Infraestrutura e serviços urbanos,Domicílios sem coleta de lixo,Serviços urbanos,Mulheres,Sexo dos moradores,Porcentagem em relação ao total de mulheres nos domicílios,% em relação ao total de mulheres nos domicílios,,Mulheres moradoras em domicílios particulares permanentes sem lixo coletado,https://raw.githubusercontent.com/cem-usp/georedus_metodologia/refs/heads/main/censo/2010/ser_agu_dom_tot_dom_pct.md